id_cliente,nombre,email,pais,ciudad,fecha_cumpleaños
1,Albano Llopis Hierro,maitecalatayud@bonet.com,Colombia,Cali,13/5/1975
2,María Cristina Amor,cgimenez@lobo.es,Colombia,Medellín,10/2/1970
3,Rico Navarro,pintocleto@nunez-lamas.com,Colombia,Bucaramanga,10/1/1968
4,Ani Marcos Pardo,arroyogisela@mancebo.net,Colombia,Medellín,13/6/1978
5,Mercedes Patiño Cánovas,hugo41@hotmail.com,Colombia,Bogotá,10/3/1976
6,Jerónimo Pino Lerma,pia03@moles.org,Colombia,Medellín,16/2/1998
7,Cloe Valera Priego,juan-manuelchaparro@gmail.com,Colombia,Barranquilla,24/4/1999
8,Viviana Pujol Paredes,araceliuriarte@arevalo.com,Colombia,Cali,2/11/2005
9,María Bartolomé Plaza,qangel@hotmail.com,Colombia,Medellín,30/4/1967
10,Pili del Nieto,trinidad27@lago.com,Colombia,Barranquilla,3/11/1979
11,María Fernanda Flor,maria-belen28@abascal.com,Colombia,Cali,16/6/1980
12,Ambrosio de Bermúdez,wbayon@casas.com,Colombia,Bucaramanga,22/10/2000
13,Cloe Font Mesa,urbano87@gmail.com,Colombia,Bucaramanga,21/11/1963
14,Ainara Grau Giménez,barraljenaro@angulo.com,Colombia,Cali,20/1/2005
15,Clotilde Catalán Suárez,mramirez@caballero.es,Colombia,Bucaramanga,5/7/1987
16,Teresa Balaguer Cabello,znicolau@ibarra.net,Colombia,Bucaramanga,28/3/1988
17,Emilio Sevillano Iborra,dcabanas@alcolea.com,Colombia,Cali,15/4/1992
18,Toni Quero,reynaldoabril@lara-sanz.org,Colombia,Bucaramanga,8/5/1997
19,Calixta Falcó Martin,barreramariana@barcelo-ayllon.es,Colombia,Bogotá,2/2/1994
20,Teodoro Estevez Bayona,sanchocarretero@hoz.es,Colombia,Bogotá,6/6/1973
21,Dafne Lara Priego,zacarias51@sedano.com,Colombia,Medellín,13/1/1974
22,Dulce Cazorla,hidalgorafael@yahoo.com,Colombia,Medellín,30/6/1996
23,Mariano Sancho Ángel Aguiló,canizaresjuan-luis@gmail.com,Colombia,Cali,6/3/1997
24,Elías Luján Galvez,jacintalaguna@hotmail.com,Colombia,Bogotá,27/12/1962
25,Maximiliano Roda Lloret,mugicamaria-manuela@juarez.es,Colombia,Medellín,10/3/1960
26,Anselmo Company Araujo,titocastell@gmail.com,Colombia,Barranquilla,31/3/1962
27,Clementina Iborra Calderon,pcortes@gmail.com,Colombia,Cali,21/3/1961
28,Rafa Márquez Requena,feliciano16@sosa.net,Colombia,Barranquilla,19/4/1980
29,Dani de Ferrando,leon14@yahoo.com,Colombia,Barranquilla,8/1/1996
30,Albina Carlos Julián,antonio19@ojeda-mir.es,Colombia,Barranquilla,8/10/1998
31,Edu Arregui,vizcainoangela@hotmail.com,Colombia,Barranquilla,17/11/1988
32,Nazaret Murillo Mir,anunciacion46@quevedo-marques.com,Colombia,Bucaramanga,11/10/2004
33,Nicolasa Dávila Mascaró,mateuluciano@gmail.com,Colombia,Bucaramanga,31/12/1998
34,Morena Estrella Sola Sala,ariadnasaenz@hotmail.com,Colombia,Bogotá,20/4/1965
35,José Ángel Natanael Naranjo Bueno,jafet32@arteaga.es,Colombia,Cali,25/9/1987
36,Charo Plana-Urrutia,eusebioadan@gmail.com,Colombia,Medellín,2/7/1971
37,Jordana Ayllón,sastreeliseo@molins-salas.es,Colombia,Bogotá,1/11/1991
38,Dora Huertas Lluch,leonardosabater@gmail.com,Colombia,Bucaramanga,8/1/1978
39,Esther Berrocal Chacón,rodolfocorominas@gargallo.es,Colombia,Medellín,28/3/1991
40,Ana Gabaldón Rivera,pintoralbina@gmail.com,Colombia,Barranquilla,26/1/1986
41,Lupita Giménez Torrents,tristan70@navarrete-quiroga.com,Colombia,Medellín,16/11/2001
42,Alba del Amores,dcerda@ayllon.es,Colombia,Bogotá,22/6/1990
43,Evangelina Pinilla Lobo,perlita17@gmail.com,Colombia,Medellín,16/10/1974
44,Rosario Arjona Anguita,primitivaalmagro@corominas.es,Colombia,Cali,13/5/1974
45,Odalis Jaén Peinado,cespedesmaria@amigo.es,Colombia,Bucaramanga,10/1/1973
46,Manu Herrero Cal,armengolovidio@hotmail.com,Colombia,Cali,30/9/1984
47,José Luis Nogueira Alberola,bcamacho@yahoo.com,Colombia,Bogotá,10/12/1969
48,Carmen Vélez León,uruano@hotmail.com,Colombia,Bogotá,27/3/1976
49,Emilio Sanmartín Hervás,bnavarrete@yahoo.com,Colombia,Bucaramanga,16/9/1992
50,Galo Jordán,silvia94@hotmail.com,Colombia,Medellín,13/7/1972
51,Dionisio Ramos Torres,ctudela@buendia.net,Colombia,Barranquilla,2/2/1976
52,Natanael Luis Ángel Peinado Sáenz,wmuro@hotmail.com,Colombia,Cali,25/5/1980
53,David Carrillo-Fernández,estevegregorio@gmail.com,Colombia,Cali,27/8/1999
54,María Luna,manugordillo@escobar-mate.com,Colombia,Bogotá,18/8/1962
55,Leonel Manzano Cases,alberolaconsuela@yahoo.com,Colombia,Cali,3/7/1989
56,Catalina Aznar Iriarte,bassalvador@yahoo.com,Colombia,Bogotá,13/5/2002
57,Carlos Company Mateu,diegorico@gonzalez.es,Colombia,Barranquilla,31/7/1999
58,Encarnación Barrena Cabezas,juan-luisbertran@heredia.com,Colombia,Barranquilla,1/5/1987
59,Noemí Soriano Manuel,luisluna@santiago.org,Colombia,Medellín,5/5/1967
60,Coral de Larrañaga,barredafito@malo-saavedra.com,Colombia,Bucaramanga,23/3/1980
61,Elena Vall Uribe,arinotamara@yahoo.com,Colombia,Bucaramanga,26/7/1976
62,Artemio Granados Almansa,diezadoracion@hotmail.com,Colombia,Medellín,18/11/1971
63,Isa Téllez-Bou,sebastian55@hotmail.com,Colombia,Bogotá,22/12/1981
64,Nélida Valbuena Maldonado,sanzchus@yahoo.com,Colombia,Cali,3/6/1967
65,Teresa Vilar Abella,mballester@hotmail.com,Colombia,Medellín,15/6/1993
66,Pía Aznar Frutos,aureamaestre@yahoo.com,Colombia,Medellín,30/6/1961
67,Rosalía Dafne Cuadrado Mercader,obuendia@serrano.com,Colombia,Medellín,24/5/1979
68,Olalla Llano,psureda@yahoo.com,Colombia,Medellín,2/7/1972
69,Liliana Piedad Cerezo Baños,ynieto@hotmail.com,Colombia,Bucaramanga,12/10/1978
70,Silvio Lázaro Tovar Comas,vochoa@hotmail.com,Colombia,Barranquilla,5/6/1981
71,Paco Haro,robertareig@gmail.com,Colombia,Barranquilla,19/9/1991
72,Gabriela Cornejo Valbuena,animarmol@sacristan.es,Colombia,Barranquilla,5/5/1969
73,Tomasa Cortes Benavides,nilo96@hotmail.com,Colombia,Bogotá,3/6/2005
74,Fortunata del Torrents,guitartevangelina@madrigal.es,Colombia,Bucaramanga,28/8/2002
75,Iván Delgado Marí,moratanatividad@marcos.es,Colombia,Medellín,24/2/1976
76,Guiomar Escolano,cayetanopineiro@hernando.net,Colombia,Bogotá,24/10/1976
77,Dominga Agustí Sola,candelariosala@yahoo.com,Colombia,Bogotá,28/5/1988
78,Javier Matas-Flor,pcampillo@yahoo.com,Colombia,Cali,31/8/1979
79,Aitor Severino Priego Llobet,valdespepita@grau-ortuno.net,Colombia,Medellín,2/8/1976
80,Mauricio Caballero Ariza,laragones@yahoo.com,Colombia,Barranquilla,13/8/1979
81,Piedad Ribes Echevarría,miriampaz@valls.org,Colombia,Medellín,13/8/1979
82,Rosaura Cardona Solís,mariselagonzalez@puerta.es,Colombia,Cali,17/1/1996
83,Javi Pedrosa Juárez,candido37@gmail.com,Colombia,Bucaramanga,6/8/1974
84,Maximino Simó Matas,chavesartemio@gmail.com,Colombia,Barranquilla,8/6/1967
85,Desiderio Cerdá Pont,herminia86@hotmail.com,Colombia,Barranquilla,6/2/2004
86,Sigfrido Tovar Raya,pellicerisaac@yahoo.com,Colombia,Bucaramanga,18/3/1984
87,Olegario Pedrero Palmer,mllorente@sanz.net,Colombia,Medellín,24/3/1982
88,Bernardino de Bayona,odalisguijarro@coloma-acedo.org,Colombia,Bogotá,17/4/1996
89,Sabas Díaz-Canet,albinopalma@morante.com,Colombia,Bucaramanga,27/2/1968
90,Lucila Carballo Bartolomé,gparedes@hotmail.com,Colombia,Bogotá,25/10/1993
91,Marino de Vázquez,danguita@yahoo.com,Colombia,Bucaramanga,22/3/2006
92,Jose Luis Salcedo Beltrán,ema21@llopis.es,Colombia,Barranquilla,21/8/1995
93,Javi José Antonio Ros Cabezas,titosanmiguel@riba.es,Colombia,Cali,1/1/1966
94,Inmaculada Milla Jara,jacintasanchez@gmail.com,Colombia,Bogotá,16/11/1965
95,Ariadna Peralta Castillo,herminia16@rocha-aznar.org,Colombia,Medellín,1/8/1966
96,Lilia Garcia-Cortes,rebecacampoy@yahoo.com,Colombia,Barranquilla,27/6/1978
97,Coral Romeu-Amo,escribanoleandro@hotmail.com,Colombia,Bogotá,2/6/1983
98,Cipriano Clemente Pérez,manuanglada@garrido.es,Colombia,Cali,30/3/1970
99,Esperanza Morata Blazquez,faustoayala@bilbao.es,Colombia,Cali,12/8/1989
100,Elena Garriga Vila,tito14@torrecilla.com,Colombia,Cali,25/4/2000
101,Abraham Fuente Mata,maria-cristinajaume@mosquera-carretero.com,Colombia,Bucaramanga,1/11/1988
102,Berto Pinto Grau,puertarosalva@hotmail.com,Colombia,Medellín,21/10/1960
103,Águeda Bermejo Millán,srios@gmail.com,Colombia,Bucaramanga,19/8/1981
104,Salvador Seguí Paredes,pcamacho@perez-zamora.com,Colombia,Barranquilla,20/8/1982
105,Flavio de Benito,vicentaolmedo@coloma-guzman.com,Colombia,Cali,15/12/1972
106,Marcial Coronado Benet,wsimo@sanchez.com,Colombia,Medellín,11/6/1991
107,Melania Mateo Llobet,anunciacion14@sans-arellano.com,Colombia,Medellín,2/10/1964
108,Marino Vendrell Planas,sandovalvioleta@hotmail.com,Colombia,Bogotá,13/9/2000
109,Leyre Contreras Barrio,nunezlidia@gmail.com,Colombia,Bogotá,22/5/1976
110,Isabel Zamora Yáñez,ramon46@neira-badia.es,Colombia,Bucaramanga,17/12/1965
111,Nidia del Luz,nazariobertran@hotmail.com,Colombia,Medellín,22/8/1980
112,Belén Blazquez Menendez,odalis28@gmail.com,Colombia,Bucaramanga,26/2/1984
113,Gerardo Mendizábal Escribano,maria-dolores73@cervantes.com,Colombia,Bogotá,31/5/1966
114,Regina Zurita,sarita92@penas.com,Colombia,Bogotá,25/4/1989
115,Hernán Pastor Gámez,marina73@hotmail.com,Colombia,Bucaramanga,13/6/1991
116,Gerónimo Saez,mayte68@hotmail.com,Colombia,Barranquilla,13/2/1973
117,Bernardita Trini Ibáñez Azorin,casandra18@gmail.com,Colombia,Bucaramanga,10/6/1970
118,Jafet Vilanova-Colom,gironaolga@yahoo.com,Colombia,Medellín,7/10/1987
119,Hector Vallés Pereira,xbilbao@anaya.com,Colombia,Cali,21/6/1969
120,Alejo Madrid Sureda,nsanabria@bernad.org,Colombia,Medellín,16/11/1996
121,Lucía Ileana Cantero Maldonado,domingo03@sebastian-barros.com,Colombia,Bucaramanga,4/1/1996
122,Maximiano Villalba Herranz,timoteo09@hernandez-riera.com,Colombia,Medellín,26/1/1984
123,Juan José Vera Vera,csoriano@pombo.com,Colombia,Barranquilla,17/2/1964
124,Dalila Calleja Márquez,ortunocarina@diez-sobrino.es,Colombia,Cali,15/9/1968
125,Pepito Seco Arco,armandoflores@gmail.com,Colombia,Barranquilla,8/8/1994
126,Sabina Sáenz Isern,luchopalau@marmol.com,Colombia,Bucaramanga,2/10/1986
127,Visitación Pomares Nicolau,xvalencia@lasa.com,Colombia,Barranquilla,24/10/1971
128,Emilia del Calderon,gertrudis44@rojas-diaz.es,Colombia,Barranquilla,31/5/1962
129,María Luisa Royo Llobet,ramisprudencio@cuesta.es,Colombia,Bogotá,9/2/1964
130,Roque del Paredes,corraliris@yahoo.com,Colombia,Bogotá,28/9/1989
131,Luciano Cervantes Ávila,pmiralles@yahoo.com,Colombia,Bogotá,18/4/1961
132,Josep Villaverde Pombo,matilde47@machado.es,Colombia,Medellín,7/10/1968
133,Jaime Duque Salgado,guadalupe51@manrique.com,Colombia,Bogotá,16/10/1974
134,Cornelio Chamorro Guzmán,paniaguacasandra@hotmail.com,Colombia,Bogotá,26/1/1997
135,Mariano Boix Bastida,htejero@yahoo.com,Colombia,Bogotá,20/7/1964
136,Federico Benavent Sandoval,eduardo89@gmail.com,Colombia,Barranquilla,1/10/1993
137,Severo Casanova Villegas,fidel25@gomis.org,Colombia,Medellín,21/11/1972
138,Eli de Mateo,doracorrea@nebot.com,Colombia,Cali,16/8/1962
139,Dulce Galvez-Riera,pmanjon@tomas-hierro.es,Colombia,Medellín,30/6/1964
140,Cayetano Sabater Ricart,vfrias@hotmail.com,Colombia,Barranquilla,5/4/1981
141,Gloria Castrillo Pellicer,jose-antonio71@sancho-huguet.com,Colombia,Cali,13/4/1979
142,Teresa Ripoll Hurtado,crescencia53@valentin.es,Colombia,Bogotá,18/5/1993
143,Artemio Pozuelo Vega,ildefonsoosorio@gmail.com,Colombia,Bogotá,17/3/1993
144,Vera Soledad Sosa Macias,rosaeloy@paz-quintana.es,Colombia,Barranquilla,5/1/1963
145,Mar Ferreras-Pareja,pomaresanna@yahoo.com,Colombia,Medellín,31/10/2005
146,Azahara Belen Caballero Prada,celestina52@gmail.com,Colombia,Medellín,9/4/1962
147,Alejo Cerro Mínguez,mcompany@hotmail.com,Colombia,Medellín,1/4/2001
148,Candelas Pozo Martínez,emari@gmail.com,Colombia,Medellín,20/5/2005
149,Horacio Mena Amor,gabriela99@gmail.com,Colombia,Medellín,23/3/1992
150,Juan Francisco Pinto Coloma,canetgraciano@sainz.es,Colombia,Barranquilla,9/7/2006
151,Hernán Valls,cerveraaurelia@gmail.com,Colombia,Cali,31/1/1992
152,Florina Mir,inoriega@lamas-tome.net,Colombia,Medellín,5/7/1997
153,Daniel Eustaquio Malo Galan,alexandra58@hotmail.com,Colombia,Barranquilla,29/10/1967
154,Nicolasa Pino-Prat,luis-angelarnal@yahoo.com,Colombia,Bogotá,20/8/1989
155,Raúl Tello-Gargallo,chita42@heras.com,Colombia,Bucaramanga,18/5/1975
156,Aureliano Reyes Murillo,cervantesadelardo@hotmail.com,Colombia,Bucaramanga,17/12/2003
157,Judith Flores Madrigal,flavia01@hotmail.com,Colombia,Cali,26/1/1962
158,Horacio Echeverría Arce,vestrada@yahoo.com,Colombia,Bucaramanga,2/11/1979
159,María Cristina Campo-Naranjo,fzamora@gmail.com,Colombia,Cali,26/8/1972
160,Fito Cámara Segarra,albertonavas@yahoo.com,Colombia,Bogotá,8/2/2001
161,Sarita Roma Villalba,perezhaydee@gmail.com,Colombia,Bogotá,9/1/1992
162,Diana Agudo Julián,victorianolasa@yahoo.com,Colombia,Bogotá,7/7/1998
163,Eladio Palomares Guzman,solanamarino@ramirez.org,Colombia,Cali,11/8/1979
164,María Luisa Giner Gilabert,dcoronado@pereira.net,Colombia,Bucaramanga,29/1/2000
165,Juan José Salom Álvarez,caparrosbernabe@hotmail.com,Colombia,Medellín,19/1/1996
166,Celestino Mosquera Viña,fuertesliliana@hotmail.com,Colombia,Cali,6/4/1994
167,Rufina Baquero Santana,ksaura@sevilla.org,Colombia,Bogotá,5/11/1976
168,Ramón Gibert Beltran,socana@barrena.es,Colombia,Barranquilla,10/5/1987
169,Rodrigo Cerdá Rivera,ysanabria@yahoo.com,Colombia,Medellín,25/7/2004
170,Benita del Carrasco,iangel@gisbert.org,Colombia,Cali,31/7/1996
171,Luisina Pinilla Gras,joliva@fabregat-carbajo.com,Colombia,Barranquilla,5/8/1960
172,Cristian de Cabrero,patienza@arregui.net,Colombia,Medellín,16/5/1963
173,José Mancebo Guillén,jordi42@hotmail.com,Colombia,Bogotá,24/12/1979
174,Américo Díez-Roldán,ocanafernanda@hotmail.com,Colombia,Cali,22/3/1995
175,Obdulia Rico Real,renato28@hernando-gomis.org,Colombia,Bucaramanga,15/1/1991
176,Lisandro Rey Riera,qherrero@murillo.com,Colombia,Bucaramanga,28/10/1965
177,Paloma de Aznar,eariza@gmail.com,Colombia,Cali,29/9/1973
178,Encarnacion Alcántara Galán,tejeroyaiza@fuente.net,Colombia,Bucaramanga,17/10/1978
179,Josefa Palomar Mendez,armida77@gmail.com,Colombia,Barranquilla,28/4/1981
180,Gil Milla,giraltmanuela@gmail.com,Colombia,Bucaramanga,8/3/1997
181,Marina Rios-Marquez,narcisograu@hoyos-valera.es,Colombia,Bucaramanga,12/10/1992
182,Jimena Diéguez Ortuño,lolatorres@barral.com,Colombia,Bucaramanga,31/10/1962
183,Hilario Cervantes Guardia,agapitogil@sarmiento.es,Colombia,Bogotá,25/12/1959
184,Mamen del Albero,blanca40@ros.com,Colombia,Bucaramanga,4/8/1972
185,Lucila Dolores Pablo Lastra,pereasantiago@yahoo.com,Colombia,Bogotá,25/11/1974
186,Octavio Severiano Berrocal Angulo,ypinilla@tamarit.com,Colombia,Bogotá,21/1/1989
187,Marcia Bustos Álvarez,hectortalavera@artigas-benavente.org,Colombia,Bogotá,6/12/1980
188,Cristóbal Cobos Puig,fermin93@porcel.com,Colombia,Cali,25/1/1983
189,Augusto Ruiz Guerra,elodia99@morera-andreu.org,Colombia,Bogotá,21/1/1975
190,Manola Perez Rosales,xboada@marquez.com,Colombia,Cali,22/5/1985
191,Rafael Porras Moliner,bravoadelardo@yahoo.com,Colombia,Bogotá,21/11/1977
192,Blas Bonet Exposito,avila@gmail.com,Colombia,Cali,13/8/1983
193,Araceli del Plaza,severiano61@herrero.es,Colombia,Barranquilla,31/10/1977
194,Eloy Jose Manuel Coello Barroso,allorente@tome-benitez.es,Colombia,Medellín,24/1/2002
195,Martirio Ferrán Seco,marcoagudo@marquez-pinto.es,Colombia,Barranquilla,1/11/1988
196,Bernarda Emperatriz Montes Font,galo65@yahoo.com,Colombia,Cali,11/1/1976
197,Florina Lozano Pozo,folchdora@hotmail.com,Colombia,Barranquilla,18/12/1996
198,Prudencio Serrano Gallego,paz16@hotmail.com,Colombia,Bucaramanga,18/8/2002
199,Dionisio Edmundo Correa Rocha,sanchezelba@yahoo.com,Colombia,Bucaramanga,2/1/1994
200,Macaria Arco Palomares,hurtadogema@padilla.es,Colombia,Bogotá,28/10/1988
201,Adelardo Cabello Jordán,victor-manuelperello@sierra-vall.com,Colombia,Barranquilla,20/5/1992
202,Eusebio Ricart Boada,pablomesa@sarabia-gabaldon.es,Colombia,Bucaramanga,5/3/1966
203,Palmira Santamaria Montaña,arsenio10@canales-cordoba.net,Colombia,Cali,6/6/1970
204,Manuelita Roldan Sevilla,lespinosa@rosell.net,Colombia,Bucaramanga,5/10/1988
205,Adela Garmendia Fuster,calnerea@hotmail.com,Colombia,Medellín,18/9/1981
206,Jenaro Carbonell,oalamo@yahoo.com,Colombia,Bogotá,30/3/1986
207,Aurora Oliveras-Ortiz,odalysmartorell@hotmail.com,Colombia,Bogotá,24/8/1968
208,Azahara Gómez Mayoral,raulcid@pont.es,Colombia,Cali,25/8/1992
209,Nélida de Diaz,enrique25@yahoo.com,Colombia,Medellín,8/3/1960
210,Bernarda Ferrero Plana,atellez@hotmail.com,Colombia,Barranquilla,30/11/1970
211,Lorenzo Anguita Giménez,llobetjafet@hotmail.com,Colombia,Bogotá,26/8/1990
212,Perlita Valbuena-Vicente,lealmatilde@pedraza.net,Colombia,Barranquilla,6/1/2004
213,Eustaquio de Sandoval,rosalva17@gmail.com,Colombia,Bogotá,16/7/1999
214,Teodora Roman Daza,odalysgabaldon@orozco.org,Colombia,Bucaramanga,11/6/2007
215,Espiridión Luciano Lastra Vilar,maricelareina@lluch.com,Colombia,Bucaramanga,25/6/1969
216,Saturnina Huertas Pozo,crescencialeiva@hotmail.com,Colombia,Bucaramanga,16/4/1990
217,Maximiliano Buendía Quintana,walter75@hotmail.com,Colombia,Bucaramanga,14/11/1965
218,Mercedes Palma Barroso,timoteogalan@yahoo.com,Colombia,Medellín,30/10/1978
219,Maite Castrillo Toro,arteagaconrado@hotmail.com,Colombia,Bogotá,26/12/1967
220,Isidro Sastre Abascal,jennifercatalan@hotmail.com,Colombia,Cali,6/3/1978
221,Nacio Palomo Ibáñez,graciana20@mayoral-guillen.es,Colombia,Bogotá,3/1/1966
222,Custodio Tapia Bermejo,aureliasalgado@aguilo.es,Colombia,Medellín,5/10/2006
223,Jorge Belda Granados,calatayudcristian@yahoo.com,Colombia,Barranquilla,11/11/1968
224,Remedios Cañas Clavero,cordobavalerio@garces-cordero.es,Colombia,Medellín,6/6/1965
225,Buenaventura Casal Plana,ymiranda@gmail.com,Colombia,Cali,26/5/2003
226,Edelmiro López Amor,auravergara@gmail.com,Colombia,Cali,3/7/2003
227,Ruben Heras Uría,hernandoangelina@hotmail.com,Colombia,Barranquilla,8/5/1960
228,Ester Catalán Pombo,carina27@gmail.com,Colombia,Barranquilla,16/2/1964
229,Eleuterio Garriga Ariño,svelazquez@vallejo.es,Colombia,Barranquilla,17/1/1996
230,María Manuela de Lobato,cayetano83@morillo.com,Colombia,Bogotá,20/4/1989
231,Ambrosio de Boix,santanaemma@hotmail.com,Colombia,Barranquilla,9/11/2004
232,Benito Alberola Cervantes,anabeloliver@villar.es,Colombia,Bucaramanga,27/10/1977
233,Rogelio Andreu Naranjo,azucena14@hotmail.com,Colombia,Medellín,5/7/1990
234,Fernanda Baquero,quirinocriado@yahoo.com,Colombia,Bucaramanga,28/5/2005
235,Danilo Verdú Acedo,hidalgoarturo@pascual-pinol.com,Colombia,Bogotá,25/2/1997
236,Consuelo Montserrat Hurtado,kike19@yahoo.com,Colombia,Bogotá,8/5/2005
237,Chuy Godoy Villalobos,dbayon@mercader-moran.com,Colombia,Bucaramanga,20/8/1984
238,Esteban Mateu,lpedrosa@ferran-higueras.com,Colombia,Medellín,27/2/1961
239,Kike del Agustí,penalverreina@hotmail.com,Colombia,Medellín,30/6/1973
240,Cándida Rivas,cisnerosleonor@yahoo.com,Colombia,Barranquilla,14/4/1975
241,Haydée Perales,bustosanselma@gmail.com,Colombia,Bogotá,23/10/1999
242,Ana Royo-Castrillo,juan-carlos56@morera.org,Colombia,Cali,29/4/1973
243,Rosario Canales Cortés,viniciosolano@ramos-carrillo.es,Colombia,Cali,6/7/1980
244,Dulce Carretero Botella,pascuala90@mosquera.com,Colombia,Cali,30/6/1986
245,Amarilis Martínez,americoquiroga@yahoo.com,Colombia,Barranquilla,22/12/1990
246,Samu Chaves Carrión,gironeladio@perez.com,Colombia,Bogotá,5/1/1961
247,Conrado Salcedo Castells,donato07@dieguez.es,Colombia,Medellín,15/7/1961
248,Nilda Roldan Duque,violetaexposito@yahoo.com,Colombia,Bogotá,24/8/1969
249,Marino Hoyos Marquez,dtello@gmail.com,Colombia,Cali,14/11/1968
250,Chus Zaragoza Ibañez,epalomar@tormo.es,Colombia,Barranquilla,8/10/1971
251,Feliciano Gilabert Andreu,suarezbenita@yahoo.com,Colombia,Bogotá,6/5/1966
252,Nando de Larrea,coralpont@duran-echeverria.net,Colombia,Barranquilla,2/1/2007
253,Zaira Anaya Ortiz,piedadugarte@mendizabal.com,Colombia,Barranquilla,12/5/1975
254,Constanza Ainara Zurita Tejedor,yessica93@nino.com,Colombia,Cali,8/1/1961
255,Lázaro Cifuentes Cantero,pereirajulie@hotmail.com,Colombia,Bucaramanga,29/5/1966
256,Encarna Mora Cerezo,ptorrens@davila-palacios.net,Colombia,Cali,30/5/1980
257,Bernardo Chus Abellán Posada,eligiamonreal@giner.com,Colombia,Bucaramanga,28/10/1964
258,Fulgencio del Diez,victoriano04@iborra.com,Colombia,Barranquilla,19/11/1966
259,Amado Polo Ríos,soledadriba@yahoo.com,Colombia,Bogotá,8/9/1996
260,Armida Tello Gomis,zbeltran@marino.es,Colombia,Medellín,31/7/1964
261,Carlota Perez Cuevas,neiradorotea@tolosa.com,Colombia,Barranquilla,6/3/1963
262,Fito Fuertes Falcón,gertrudis44@gmail.com,Colombia,Medellín,8/4/1986
263,Malena Tudela-Corral,abraham61@tenorio-flores.com,Colombia,Bogotá,27/2/1971
264,Apolinar Jordi Carlos Mendez,qtorrijos@yahoo.com,Colombia,Bucaramanga,23/7/1996
265,Catalina Peláez Pizarro,victor-manuelarribas@yahoo.com,Colombia,Cali,15/6/1977
266,Silvio del Barrio,boadaguiomar@riba-gordillo.com,Colombia,Cali,8/1/1988
267,Noelia del Gutiérrez,cayetano60@hotmail.com,Colombia,Medellín,1/2/1990
268,Celso Galán Fernández,rodacayetano@rozas.org,Colombia,Medellín,3/2/1964
269,Guillermo Puerta Moreno,yalberola@hotmail.com,Colombia,Medellín,26/9/1987
270,Candelario Cabrera Camacho,rufina85@laguna-pinol.es,Colombia,Bogotá,2/4/1971
271,Heriberto Cobo-Querol,smunoz@aviles.es,Colombia,Cali,27/11/1960
272,Salomé Mateo Mercader,ocabello@gmail.com,Colombia,Bucaramanga,7/9/1989
273,Edelmira Riera Borrell,agalvan@tormo.com,Colombia,Barranquilla,14/9/1980
274,Graciana Cerdá,guadalupefont@ibanez.es,Colombia,Cali,25/6/2007
275,Emigdio Pedrosa,rcasals@gmail.com,Colombia,Bogotá,16/10/1992
276,Itziar Carmen Sánchez Olmo,pilarjordan@hotmail.com,Colombia,Bucaramanga,26/5/1961
277,Amarilis Cánovas Gargallo,inesgabaldon@recio-vilanova.com,Colombia,Bucaramanga,14/7/1968
278,Marcelo Aguirre Goicoechea,leticia46@yahoo.com,Colombia,Bucaramanga,5/9/1976
279,Joan Matas,aguileraariadna@hotmail.com,Colombia,Bucaramanga,1/8/2003
280,María Fernanda Elisabet Martín Campoy,navarreteleonel@hotmail.com,Colombia,Medellín,20/4/1977
281,Ciríaco Carlito Villar Hernandez,rmontenegro@amigo.es,Colombia,Cali,6/1/1988
282,Gala Aranda Falcó,itziartamarit@hotmail.com,Colombia,Medellín,17/12/1979
283,Sosimo Escrivá Marin,vcastellanos@espana-narvaez.com,Colombia,Barranquilla,23/9/1974
284,Humberto Rufino Muñoz Peral,abigail17@gmail.com,Colombia,Cali,8/10/1972
285,Azeneth Pizarro,jbalaguer@gmail.com,Colombia,Bucaramanga,18/5/1987
286,Virginia Seco-Clemente,melaniaberrocal@yahoo.com,Colombia,Barranquilla,25/7/1971
287,Melisa Barco Acuña,hugo29@gmail.com,Colombia,Cali,10/7/1965
288,Marino Roura Román,ytejada@gmail.com,Colombia,Barranquilla,6/2/1973
289,Adoración Montserrat Farré,ibarrajaime@ocana.com,Colombia,Bucaramanga,4/8/1999
290,Celso Anacleto Arroyo Martí,mvina@hotmail.com,Colombia,Bogotá,8/4/2006
291,Francisco Javier Trillo Palomar,victoriaquintanilla@gracia.com,Colombia,Bucaramanga,8/1/1961
292,Ligia Dominguez-Casal,perezsarita@hotmail.com,Colombia,Bogotá,2/12/1995
293,Amanda Martirio Asensio Campoy,carmonasigfrido@pinto-casals.org,Colombia,Bucaramanga,13/12/1969
294,Ovidio Agustí,qcabrero@hotmail.com,Colombia,Medellín,29/9/2000
295,Hugo Calvo Vidal,danilo17@folch.net,Colombia,Bogotá,1/6/1987
296,Cecilio Alex Valderrama Galiano,joel00@hotmail.com,Colombia,Cali,8/8/1998
297,Brígida Bosch Vidal,jaenfidela@saura.org,Colombia,Bogotá,28/4/1966
298,Ulises Ariza Manso,teodosio11@gmail.com,Colombia,Medellín,2/9/2004
299,Fidel Pallarès Río,peraltaofelia@yahoo.com,Colombia,Barranquilla,21/10/1986
300,Jessica Llabrés Pol,hdiaz@gmail.com,Colombia,Cali,3/8/1966
301,Zaida Tolosa Ríos,npalmer@castrillo.es,Colombia,Cali,9/7/1989
302,Amílcar Jurado Miralles,haydeeneira@zabala.net,Colombia,Barranquilla,11/9/2004
303,Brígida Ballester Alberdi,kvalcarcel@tur.net,Colombia,Cali,16/12/1962
304,Consuelo Pinedo,cayetanosegovia@yahoo.com,Colombia,Barranquilla,14/6/1993
305,Estela Carrera Valencia,quintanillaseve@abad.org,Colombia,Bucaramanga,23/3/2005
306,Evita Parra Ballester,jmarmol@suarez.com,Colombia,Barranquilla,15/5/2004
307,Abel del Padilla,judith10@gmail.com,Colombia,Bogotá,18/5/1987
308,Edu Ferrández Expósito,dgarriga@neira.es,Colombia,Cali,9/4/2005
309,Beatriz Sanjuan-Sebastián,hacosta@atienza.com,Colombia,Medellín,7/4/1968
310,Guillermo Montserrat Varela,rhurtado@yahoo.com,Colombia,Bogotá,7/5/1990
311,Bruno Rey Vila,leonor83@gmail.com,Colombia,Bogotá,22/4/1979
312,Águeda Cazorla Enríquez,ortunochita@yahoo.com,Colombia,Cali,12/11/1995
313,Valentín Teo Rocamora Alberto,piquerespiridion@barbero.org,Colombia,Bucaramanga,13/1/2006
314,Camilo Barrios-Marquez,palmerodalys@calatayud-gomez.es,Colombia,Medellín,26/11/2006
315,Osvaldo Nazaret Arévalo Pizarro,jmilla@gmail.com,Colombia,Bogotá,20/8/1976
316,Martín Salazar,marisol98@ferrandiz.es,Colombia,Bogotá,6/8/1964
317,Chema Vilaplana Carreras,romeroleon@hotmail.com,Colombia,Medellín,25/6/1970
318,Soraya Jara-Adán,ccortina@gmail.com,Colombia,Bucaramanga,29/12/1962
319,Soledad Nadia Mascaró Trujillo,mollbegona@gmail.com,Colombia,Cali,3/3/1964
320,Candela Ricart,olmedoismael@gmail.com,Colombia,Bogotá,31/1/1984
321,César Renato Taboada Agullo,victor-manuel39@hervas.es,Colombia,Bogotá,28/12/1976
322,Paloma del Amat,ctorrecilla@yahoo.com,Colombia,Bucaramanga,2/7/1994
323,Atilio Diego Aguilera,herminiagarces@rodrigo.es,Colombia,Medellín,20/3/2006
324,Albano Segovia Mármol,beltranbaltasar@infante.com,Colombia,Barranquilla,9/4/1987
325,Javiera Quiroga Roselló,porrasignacia@gmail.com,Colombia,Cali,11/8/2001
326,Reyes Arroyo Belmonte,manjonmiriam@hotmail.com,Colombia,Cali,2/6/1965
327,Roberto Isidoro Pizarro Prats,icrespi@cerezo.es,Colombia,Bucaramanga,3/5/1969
328,Nilo Vicente Perea Alba,arnaizadelardo@prado.net,Colombia,Medellín,12/8/1987
329,Bibiana Cuevas,encarnitairiarte@carbo.com,Colombia,Bucaramanga,7/12/1996
330,Espiridión Bautista Iglesia,lucilatorrens@palau-castellanos.net,Colombia,Barranquilla,9/9/2001
331,Vinicio Ferrer Moll,nmoya@hotmail.com,Colombia,Barranquilla,14/4/1999
332,Lorenzo Pastor Molina,adalbertomillan@gmail.com,Colombia,Medellín,21/2/2003
333,Eliana Palomares Cañizares,csevillano@yahoo.com,Colombia,Medellín,26/1/1997
334,Chucho Bilbao Lozano,juan-josebenito@benet.com,Colombia,Bucaramanga,7/9/1999
335,Wilfredo Arco,xcomas@yahoo.com,Colombia,Medellín,27/8/1999
336,Bonifacio Jesús Vallejo Vicens,gpascual@haro.com,Colombia,Bogotá,14/5/1970
337,Lorenzo Coll Tomás,gilabertmaria@yahoo.com,Colombia,Cali,9/7/1977
338,Cruz Arnau Gabaldón,dsoria@gmail.com,Colombia,Medellín,1/8/1981
339,Pastor Vázquez Llanos,renatopinedo@yahoo.com,Colombia,Medellín,26/8/1976
340,Yésica Gisbert Villalonga,olga57@yahoo.com,Colombia,Medellín,27/12/1968
341,Caridad Grau Benítez,eutimioestevez@gmail.com,Colombia,Bogotá,2/8/1967
342,Hipólito del Carballo,ntello@hotmail.com,Colombia,Barranquilla,29/6/1987
343,Domingo Aroca Castell,evavila@collado.com,Colombia,Barranquilla,9/9/1994
344,María Belén Alfonso Luque,vidalsoto@donaire-gimenez.es,Colombia,Cali,7/3/1999
345,Mateo Vicente Lamas,agata79@bayona.es,Colombia,Cali,28/8/1960
346,Juan Carlos Varela,eloisabarcena@gmail.com,Colombia,Bucaramanga,7/5/2000
347,Valentín Vaquero Carpio,mcastillo@abella.es,Colombia,Barranquilla,3/1/2007
348,Inés Grande,lordonez@hotmail.com,Colombia,Bogotá,22/8/1968
349,Jorge Guerrero-Blanes,mjimenez@gmail.com,Colombia,Bucaramanga,2/2/1995
350,Juan Bautista Aguilar Perez,sebastian51@rojas.org,Colombia,Bogotá,9/5/1988
351,Flavia Llorens-Puerta,ltolosa@tomas-izaguirre.org,Colombia,Medellín,16/8/1986
352,Teófilo Carrera Gras,corneliogarmendia@hotmail.com,Colombia,Medellín,24/7/1982
353,María Luisa de Cuevas,boupalmira@gmail.com,Colombia,Cali,27/2/1989
354,Amílcar Jódar Girona,arellanolourdes@yahoo.com,Colombia,Bogotá,8/3/2004
355,Eloísa Barceló,asaavedra@villegas.net,Colombia,Medellín,30/4/2000
356,Lorena Guardiola,palomaresjorge@abad.org,Colombia,Barranquilla,6/2/2005
357,Graciela Fonseca Villaverde,boschcarmela@oliveras-olivera.org,Colombia,Barranquilla,7/10/1972
358,Íngrid Quintero Acuña,santosvelasco@gmail.com,Colombia,Cali,22/7/1979
359,Azahar Vilanova Jiménez,kpi@yahoo.com,Colombia,Bucaramanga,24/8/1982
360,Nieves Serna Amorós,jordaborja@yahoo.com,Colombia,Medellín,31/3/2007
361,Salomón del Revilla,lagojose-ramon@yahoo.com,Colombia,Bogotá,17/5/2005
362,Angelita Escalona Tamayo,isaias94@gmail.com,Colombia,Bucaramanga,12/2/1973
363,Quirino de Lara,hermenegildoiborra@palacio.com,Colombia,Bogotá,4/9/2004
364,María Luisa Agudo Arnal,estela57@hotmail.com,Colombia,Bucaramanga,23/12/1971
365,Elisa Puga,baltasarzaragoza@tejera-antunez.es,Colombia,Barranquilla,5/6/1971
366,Azeneth Villegas Seguí,alberoileana@gmail.com,Colombia,Cali,22/5/1966
367,Fidela Jover Exposito,julio-cesarsoto@hotmail.com,Colombia,Bucaramanga,18/1/1972
368,Imelda Galvez Rius,ricarda64@yahoo.com,Colombia,Bogotá,15/6/1968
369,Noelia Granados-Cabo,catalinarosell@yahoo.com,Colombia,Cali,16/9/1969
370,Rosenda Agustí Egea,ocanizares@hotmail.com,Colombia,Bucaramanga,24/8/1992
371,Edgardo Lisandro Asenjo Puig,benitogarriga@tamayo-barcena.es,Colombia,Medellín,4/2/1984
372,Manuelita Jiménez Núñez,wcarrion@flor.es,Colombia,Barranquilla,8/4/1994
373,Remedios Salvador Bermudez,abigail22@hotmail.com,Colombia,Cali,28/6/2002
374,Marianela Graciela Bellido Bernad,javier55@manuel.org,Colombia,Bucaramanga,30/3/1984
375,Loreto Sanjuan-Riba,ricardaalvarado@guitart.org,Colombia,Medellín,21/11/1970
376,Aroa Bustos Bartolomé,amomaria-manuela@yahoo.com,Colombia,Bucaramanga,23/5/1977
377,Calixta Anselma Porta Mendoza,malenaluz@cases-castro.com,Colombia,Barranquilla,7/9/2004
378,Teodora Morell Tamayo,carlota72@hotmail.com,Colombia,Cali,13/3/2000
379,Melania Royo Zabaleta,alma83@gmail.com,Colombia,Medellín,3/6/1984
380,Dorita Cortés Mateos,zabalaofelia@nunez.es,Colombia,Medellín,3/1/1993
381,Emperatriz Agullo Ros,natividadaguilar@hotmail.com,Colombia,Bucaramanga,20/7/1987
382,Isa del Iborra,opineda@bernad-roca.net,Colombia,Bucaramanga,29/8/2003
383,Rufina del Rey,esparzaelias@cano-sarabia.es,Colombia,Bogotá,28/11/2001
384,Cecilia Montes Aliaga,alonsogilberto@lujan.com,Colombia,Medellín,2/2/1960
385,Artemio de Alcolea,octaviorivera@yahoo.com,Colombia,Bucaramanga,31/1/1991
386,Fito Bernat Coll,maura61@soriano.org,Colombia,Bogotá,31/10/1967
387,Guadalupe del Huertas,edgarburgos@galindo.org,Colombia,Bogotá,6/5/2002
388,Ramón Viñas Carvajal,mmartin@yahoo.com,Colombia,Bucaramanga,9/5/1974
389,Desiderio Rovira Morata,narcisallorente@carretero.com,Colombia,Barranquilla,15/7/2006
390,Noemí Cortina Pera,faustovalero@nevado.com,Colombia,Bucaramanga,24/5/2003
391,Pascual Campo Casas,maximilianoolivera@yahoo.com,Colombia,Bogotá,8/6/2006
392,Felisa Cañizares Iglesia,jrio@trillo-falco.com,Colombia,Cali,29/5/1991
393,Toño Cueto-Bayón,qmarques@pedraza.es,Colombia,Medellín,14/9/2001
394,Renata Haro Montes,hfalco@valencia.es,Colombia,Barranquilla,11/6/1981
395,Atilio Zabala Batlle,gasparangulo@campo.net,Colombia,Medellín,22/5/1998
396,Máxima Trillo Zaragoza,pazosismael@hotmail.com,Colombia,Barranquilla,26/9/1973
397,Áurea Bernal Solé,celestina65@barragan.com,Colombia,Cali,1/11/1964
398,Juan Antonio Caballero,bernarditapol@ferrando.net,Colombia,Barranquilla,6/7/1997
399,Piedad Camacho Palma,kcalvet@gmail.com,Colombia,Bucaramanga,1/7/1982
400,Juanito Salazar Ortuño,ramona56@hotmail.com,Colombia,Bucaramanga,17/7/1981
401,Dalila Marcela Gargallo Perez,victor76@gmail.com,Colombia,Barranquilla,27/1/2000
402,Juan Antonio Cepeda Matas,ivan35@llorente.com,Colombia,Bogotá,10/11/1990
403,Calixta Chacón Landa,joanjaen@yahoo.com,Colombia,Bucaramanga,27/9/1986
404,África Gelabert-Berenguer,fduran@hotmail.com,Colombia,Bogotá,28/3/2003
405,Alejo Pío Pizarro Bermudez,pablo66@gonzalez.com,Colombia,Medellín,9/4/1980
406,Alondra Montaña,ani32@pozo.com,Colombia,Bogotá,2/4/1979
407,Brunilda Catalán Navarrete,javiles@jauregui-blazquez.es,Colombia,Bucaramanga,8/1/2007
408,Rico Cepeda Terrón,pprats@ferrandez.net,Colombia,Bogotá,18/10/1988
409,Noa Borrás Capdevila,wpavon@gmail.com,Colombia,Cali,11/12/1999
410,Rogelio Mayol Dominguez,ccoello@gmail.com,Colombia,Medellín,3/3/2006
411,Calixta Boada Capdevila,estelacoloma@alcala-nunez.com,Colombia,Cali,6/8/1991
412,Fito Gallart Galán,carlota79@cid.com,Colombia,Medellín,16/8/1963
413,Cornelio Ruperto Linares Baena,batlleroman@hotmail.com,Colombia,Barranquilla,13/6/2004
414,Teresa Campos Aliaga,yguardia@hotmail.com,Colombia,Cali,6/7/1992
415,Luisina Anunciación Estrada Flor,arinojose-miguel@hotmail.com,Colombia,Bucaramanga,14/11/1992
416,Petrona Crespo Alfaro,pedro43@hotmail.com,Colombia,Barranquilla,2/10/1963
417,Valentín Pombo-Andreu,evaristonoguera@yahoo.com,Colombia,Cali,16/7/1985
418,Nidia Gordillo,constanzacorominas@yahoo.com,Colombia,Bogotá,9/12/1981
419,Macarena Catalá Gabaldón,rosaliacervera@zabaleta-cepeda.es,Colombia,Bucaramanga,20/12/1997
420,Federico Bauzà Carrasco,primitiva20@riba-reina.org,Colombia,Bogotá,13/11/2002
421,Carlos Expósito-Campillo,amanciolasa@gual.com,Colombia,Bogotá,11/5/2006
422,Benita Vallés Somoza,reyesponce@yahoo.com,Colombia,Bogotá,4/9/1970
423,Daniel Antúnez,lermaseve@gmail.com,Colombia,Cali,14/6/1973
424,Chus Saavedra Trillo,bhuerta@yahoo.com,Colombia,Barranquilla,1/6/1985
425,Georgina Zapata Arenas,csaura@villena.es,Colombia,Medellín,22/11/1985
426,Ramona Avilés,valerio64@serra-delgado.es,Colombia,Barranquilla,30/3/1963
427,Yaiza Cisneros,ubotella@hotmail.com,Colombia,Bogotá,16/5/1999
428,Bernarda del Reyes,lamaya@yahoo.com,Colombia,Bucaramanga,1/9/1965
429,Felix Céspedes-Casals,sanchofabiana@blazquez-zabaleta.es,Colombia,Bucaramanga,24/12/1996
430,Amada Donaire Naranjo,rupertacoca@aznar.org,Colombia,Cali,24/11/1989
431,Matías Cipriano Carpio Catalá,isernalbano@valenciano-valenzuela.com,Colombia,Bucaramanga,16/4/1974
432,Mónica Tamarit-Santiago,mbernad@hotmail.com,Colombia,Cali,11/10/1996
433,Martín Galiano-Avilés,bartolomeoller@codina.org,Colombia,Bogotá,13/11/1962
434,Horacio Escalona Cuéllar,xavierpalomino@gmail.com,Colombia,Bucaramanga,25/11/1979
435,Flor Pinilla Bauzà,marcoadriana@gmail.com,Colombia,Bucaramanga,16/3/1978
436,Lucila Riba Zamorano,emmabarragan@angel.es,Colombia,Medellín,17/12/2000
437,Dora Zaragoza Otero,uvizcaino@valenciano.net,Colombia,Bucaramanga,22/8/1959
438,Albano Sola Carranza,criba@olmo-garay.com,Colombia,Bogotá,11/9/1978
439,Ruperto Bauzà-Mena,maria-fernanda01@hotmail.com,Colombia,Cali,25/6/1986
440,María Manuela Andres-Echevarría,perla57@aranda-cerdan.es,Colombia,Bogotá,16/11/1990
441,Visitación del Sevillano,vazquezmarcelino@hotmail.com,Colombia,Barranquilla,31/12/1995
442,Cristóbal Mármol Otero,lisandroanguita@perez-daza.es,Colombia,Medellín,26/6/1967
443,Patricio Timoteo Miranda Angulo,fbolanos@gmail.com,Colombia,Cali,15/2/1980
444,Juan Francisco Mate,perellomilagros@franch.es,Colombia,Barranquilla,17/5/1992
445,Calista Falcón,tzabaleta@yahoo.com,Colombia,Medellín,21/3/1966
446,Nicolasa Cazorla,segoviaroldan@yuste.org,Colombia,Bucaramanga,22/12/1999
447,Flavio Solera Arteaga,alonso94@gallego.net,Colombia,Medellín,2/10/1995
448,Reina Sainz Carpio,faustollanos@gmail.com,Colombia,Bucaramanga,12/8/1997
449,Aroa Gabaldón,kike24@hotmail.com,Colombia,Bucaramanga,18/5/1964
450,Mariano Victor Manuel Nevado Salcedo,ambrosiosotelo@ayuso.com,Colombia,Barranquilla,15/3/1986
451,Pastor Salmerón Pagès,olimpia38@gmail.com,Colombia,Bucaramanga,1/7/1968
452,Santos Solís Cabanillas,isaura77@gmail.com,Colombia,Bucaramanga,7/7/2001
453,Yago Parra-Pou,modesta57@andres-bas.es,Colombia,Bogotá,7/2/1992
454,Soraya Donaire Lumbreras,apoloniacalderon@yahoo.com,Colombia,Bucaramanga,18/5/1997
455,Ruy Matas Serra,ngomez@gmail.com,Colombia,Bucaramanga,25/8/1985
456,Francisco Galindo Rosa,candelas32@hotmail.com,Colombia,Bogotá,9/8/1998
457,Aurora Sierra Morell,techeverria@banos-camps.es,Colombia,Barranquilla,4/6/2003
458,Artemio Gelabert Chamorro,gertrudiscompany@manuel-porta.es,Colombia,Bucaramanga,28/11/2005
459,Emperatriz Mayo Royo,aguiloemma@hotmail.com,Colombia,Bogotá,20/7/1979
460,Gil Baena Abascal,lujanrosenda@gmail.com,Colombia,Bucaramanga,26/4/2007
461,Georgina Monreal-Piñeiro,irozas@gmail.com,Colombia,Medellín,29/12/1968
462,Leopoldo Planas,scorrea@hotmail.com,Colombia,Bogotá,27/4/1960
463,Moisés Alcázar Cobo,fcerdan@gmail.com,Colombia,Cali,8/11/2006
464,Íngrid Imelda Escolano Santos,wplanas@gmail.com,Colombia,Bogotá,2/9/2000
465,Luis Valentín Guzmán,cpedraza@gmail.com,Colombia,Cali,12/8/1984
466,Luis Ángel Tirado Bernal,adela81@borrego.com,Colombia,Barranquilla,14/2/1963
467,Luna Alba Somoza,amunoz@yahoo.com,Colombia,Barranquilla,6/12/1970
468,Ovidio Mateu Juliá,kdominguez@manzanares.com,Colombia,Barranquilla,22/2/1965
469,José Antonio Benítez Lobo,encarnacionlucas@yahoo.com,Colombia,Cali,14/2/1967
470,Carmelita Yéssica Corbacho Salom,juan-carlosguzman@yahoo.com,Colombia,Cali,3/6/1995
471,Francisco Javier Blasco Codina,xrey@garate-sacristan.com,Colombia,Bucaramanga,5/1/1983
472,Miguel Ángel Lamas Carmona,abrilpujadas@mata-tamayo.net,Colombia,Bucaramanga,28/1/1986
473,Dorotea Codina Royo,aurea76@moles.es,Colombia,Bogotá,27/11/2003
474,Florencio León-Lasa,fatima96@herranz-ferrero.es,Colombia,Barranquilla,17/10/1996
475,Nicodemo Aguirre Bayo,hcabanas@salmeron.net,Colombia,Bucaramanga,2/9/1972
476,Albano Briones Barberá,carreterochema@castillo.com,Colombia,Medellín,30/7/1979
477,Nadia Benitez Santana,qmorales@gmail.com,Colombia,Bucaramanga,11/10/1963
478,Gala Méndez Barrena,gaspar71@yahoo.com,Colombia,Medellín,1/4/1986
479,Mohamed Téllez Camps,ngil@camino.com,Colombia,Bucaramanga,28/4/1964
480,Pascuala Iglesia-Salmerón,pcomas@abascal.org,Colombia,Bogotá,22/12/1981
481,Maricela Acevedo Villalba,zrubio@hotmail.com,Colombia,Cali,25/11/1974
482,Gregorio Toledo Carrión,isabel46@gmail.com,Colombia,Medellín,30/11/1995
483,Anita Segura Manjón,casandraariza@feijoo-martinez.es,Colombia,Barranquilla,29/5/2006
484,Lara Blazquez Río,andres-felipeferrando@gomez.es,Colombia,Bogotá,25/4/1996
485,Josep Juanito Sancho Alegre,basilio50@carrasco-galan.es,Colombia,Barranquilla,15/12/1998
486,Óscar de Arco,ealiaga@arroyo.com,Colombia,Bucaramanga,6/12/1962
487,Segismundo Régulo Cabanillas Sastre,caminodanilo@gimenez-barroso.net,Colombia,Cali,11/9/2005
488,Eufemia Carrillo Cervantes,maria-cristinaarroyo@hotmail.com,Colombia,Barranquilla,1/11/1963
489,Emigdio Cid Ribes,carolina27@armas.com,Colombia,Bogotá,7/4/1970
490,Valerio Torrens Berrocal,escobarangeles@luz.es,Colombia,Bucaramanga,8/4/1969
491,Juan Carlos Sanjuan-Requena,emilianaarellano@escolano.org,Colombia,Medellín,4/11/1959
492,Custodia de Carpio,rosalia88@simo.net,Colombia,Bucaramanga,17/9/1972
493,Rómulo Company Sánchez,felicianoaroca@gmail.com,Colombia,Medellín,17/10/1973
494,Dionisia Múñiz Santana,badiaangela@echeverria.es,Colombia,Bucaramanga,18/7/1975
495,Martina Moreno Rius,jeremias15@cabanas.es,Colombia,Medellín,19/7/1974
496,Jonatan Tormo Ballester,inocenciosanz@gmail.com,Colombia,Barranquilla,24/10/1968
497,Pacífica Ferrera Palmer,nicocastejon@gmail.com,Colombia,Bogotá,26/10/1968
498,Teodosio Solana Segarra,martirionunez@gmail.com,Colombia,Cali,14/3/1970
499,Yolanda Carlota Gras Bolaños,lgascon@yahoo.com,Colombia,Medellín,8/7/1960
500,Paulina Huerta Huguet,lgiron@gmail.com,Colombia,Barranquilla,17/7/1962
501,Joel Varela Aragonés,ztello@hotmail.com,Colombia,Barranquilla,27/3/1993
502,Ariel de Ramos,pliniomarques@botella.es,Colombia,Bucaramanga,23/5/2007
503,Tecla Amador Sanz,sandraramirez@gmail.com,Colombia,Bucaramanga,16/2/1991
504,Tito Bejarano Plaza,martinteodosio@yahoo.com,Colombia,Barranquilla,14/2/2006
505,Martín Narváez Ballesteros,canterorodolfo@yahoo.com,Colombia,Bucaramanga,24/4/1962
506,Flavia Díez Bautista,nicanorgomez@carballo.net,Colombia,Bogotá,22/9/1977
507,Nieves Rocha,barrosoramon@yahoo.com,Colombia,Bucaramanga,27/8/1993
508,Saturnina Casado,vito95@hotmail.com,Colombia,Bogotá,9/9/1990
509,Apolinar Portillo Escamilla,canalesfidel@yahoo.com,Colombia,Bogotá,7/8/1969
510,Bárbara Fuente Viñas,sigfrido82@oliver-rivera.es,Colombia,Bucaramanga,25/5/1972
511,Aitor Guerra Vizcaíno,pnovoa@hotmail.com,Colombia,Medellín,28/11/1999
512,Soledad Salgado,claudia24@gmail.com,Colombia,Bogotá,25/6/1992
513,Elvira Arévalo Colomer,xavier29@gmail.com,Colombia,Barranquilla,19/6/1971
514,Cecilio Gárate Caro,consuelo27@pelayo-espinosa.net,Colombia,Bogotá,5/2/1981
515,Brunilda Peralta Sanabria,domingo06@codina-sedano.es,Colombia,Barranquilla,11/9/1996
516,Eusebia Marqués,marisela92@hotmail.com,Colombia,Cali,5/6/2006
517,Pío Tejero Arjona,menaamador@gimenez-salmeron.es,Colombia,Cali,11/4/1963
518,Miguela Charo Zurita Girona,alonsoblanes@hotmail.com,Colombia,Barranquilla,25/3/2005
519,José María Prado Ferreras,elisa98@gmail.com,Colombia,Cali,7/8/1969
520,Flora Polo Peralta,onofre54@bonilla-garriga.es,Colombia,Barranquilla,23/8/1989
521,Ceferino Samuel Rodrigo Ribas,cobohipolito@taboada-zapata.es,Colombia,Cali,6/2/1985
522,Abraham Recio Llano,cayetanasevilla@hotmail.com,Colombia,Bucaramanga,10/3/1972
523,Ema Trujillo Arnal,ana87@gmail.com,Colombia,Bogotá,12/9/1959
524,Eleuterio Marín Sureda,silvestre27@hierro.org,Colombia,Bogotá,14/4/2000
525,Marisa Terrón Rubio,xcarreras@hotmail.com,Colombia,Barranquilla,12/8/1970
526,Amparo Coll-Montenegro,pepecardenas@gmail.com,Colombia,Barranquilla,30/1/1988
527,Amanda Manjón Manzanares,maria-doloresespanol@diego.es,Colombia,Cali,8/1/1980
528,Octavio Pareja-Báez,albertcerro@hotmail.com,Colombia,Bogotá,12/7/1992
529,Evita Cánovas Calatayud,anitaginer@zaragoza.com,Colombia,Cali,23/9/1964
530,Sebastián Castro Alemany,mateo52@yahoo.com,Colombia,Bucaramanga,6/4/1980
531,Ramón Carrasco Girón,javieragonzalez@casares-gallego.com,Colombia,Cali,17/7/2006
532,Antonio Alfonso Tomé,ferrandizcandido@gmail.com,Colombia,Barranquilla,16/8/1967
533,Alfredo Batalla-Mata,casalszoraida@fuertes.es,Colombia,Medellín,8/6/1969
534,Luis Miguel Oliveras-Ortuño,anselmabayo@alcala.net,Colombia,Cali,22/3/1971
535,Adela de Gargallo,jose92@yahoo.com,Colombia,Medellín,5/9/1983
536,Imelda Gargallo Vilar,wcarbajo@casals-solano.com,Colombia,Bogotá,11/2/1984
537,León Poncio Armas Blanca,ycarlos@yahoo.com,Colombia,Bucaramanga,5/10/1980
538,Coral Ramón Manso,rociobanos@yahoo.com,Colombia,Cali,26/5/1960
539,Nerea Calzada Prieto,carreraseric@yahoo.com,Colombia,Cali,20/9/1999
540,Raimundo Domingo Barón,nilofonseca@hotmail.com,Colombia,Medellín,19/5/1975
541,Paola Valera Lopez,epalacio@hotmail.com,Colombia,Medellín,2/5/1994
542,Candelario Sanz-Campoy,amelia73@canizares.com,Colombia,Medellín,4/9/2005
543,Chuy Piñeiro Morillo,ester91@vizcaino.es,Colombia,Bucaramanga,2/8/2004
544,Leandra Vargas Jurado,angulotito@gmail.com,Colombia,Medellín,8/12/1980
545,Isaura Segura Araujo,ceciliamateo@cordoba.com,Colombia,Barranquilla,3/1/1986
546,Ramona Canals Trujillo,gcrespi@gmail.com,Colombia,Barranquilla,12/3/1993
547,Florinda Osorio-Luís,anayadominga@gmail.com,Colombia,Cali,10/4/1983
548,Alba Nogueira-Pintor,wochoa@ortega-barbero.net,Colombia,Bogotá,20/8/2003
549,Manu Aristides Bastida Mayol,fortunato08@arcos-serna.es,Colombia,Bucaramanga,2/12/1960
550,Marita Alonso Moliner,kmora@gmail.com,Colombia,Barranquilla,18/7/2006
551,Florentino Valdés,encarnacionmari@yahoo.com,Colombia,Barranquilla,7/5/1993
552,Sosimo Gargallo Madrigal,martinezconsuela@yahoo.com,Colombia,Medellín,15/10/1965
553,Arcelia Navarro-Llano,nroldan@benitez-matas.org,Colombia,Medellín,10/4/1996
554,Chus Ribas Quesada,bescribano@hotmail.com,Colombia,Medellín,2/7/1993
555,Natalio Solsona,hbarreda@gmail.com,Colombia,Bogotá,2/8/1969
556,Carlos del Rozas,rosalina13@yahoo.com,Colombia,Medellín,30/6/2003
557,Eduardo Guzman Ramis,conesagregorio@higueras.es,Colombia,Medellín,18/3/1989
558,Miriam Arco Franch,elias04@echeverria-arnal.es,Colombia,Barranquilla,30/3/1965
559,María Cristina Martí Bartolomé,hilda16@hotmail.com,Colombia,Barranquilla,24/2/1967
560,Paulina Vall-Carrillo,pbosch@hotmail.com,Colombia,Cali,9/11/1980
561,Serafina Porta Guzman,ernestocampillo@gmail.com,Colombia,Barranquilla,9/6/1989
562,Dominga Barba Trujillo,molinercaridad@yahoo.com,Colombia,Bucaramanga,17/4/1976
563,Valerio Coca-Parejo,paca40@hotmail.com,Colombia,Bogotá,5/8/2004
564,Onofre Heras Isern,feliciana51@hotmail.com,Colombia,Bucaramanga,19/12/1985
565,Wálter Pozo Jaume,gutierrezmanuel@gmail.com,Colombia,Bucaramanga,30/6/2002
566,Vanesa Ramos Aragón,turadriana@hotmail.com,Colombia,Bucaramanga,9/4/1988
567,Seve Cueto Julián,sosimo98@morillo.com,Colombia,Medellín,14/9/1989
568,Abel Pérez Folch,coral11@gmail.com,Colombia,Bogotá,16/9/2003
569,Teo Reguera Montenegro,qcanellas@gmail.com,Colombia,Medellín,16/9/1978
570,Aristides Ribas,rubenpi@hotmail.com,Colombia,Medellín,3/2/1961
571,Miriam de Borrell,juan-franciscodomingo@gmail.com,Colombia,Bogotá,19/9/1988
572,Dorita Brígida Borrell Pedro,alcalalina@rozas.com,Colombia,Cali,10/5/1973
573,Tomás Larrea,ipina@yahoo.com,Colombia,Cali,14/3/1974
574,Prudencio Nilo Fajardo Ripoll,bcoello@juarez-gutierrez.es,Colombia,Cali,14/3/1999
575,Anselma Alarcón Somoza,jimena63@pla.com,Colombia,Barranquilla,13/7/1963
576,Flavio Guitart Sotelo,adadiajose-luis@hotmail.com,Colombia,Cali,23/5/1986
577,Benigna Armengol Escobar,anitaurena@yahoo.com,Colombia,Barranquilla,19/8/1965
578,Olimpia Roselló Cifuentes,millanarsenio@gmail.com,Colombia,Barranquilla,26/1/1984
579,Elisabet Lago Laguna,ucozar@hotmail.com,Colombia,Barranquilla,28/10/1969
580,Tamara del Baena,baltasargras@araujo.org,Colombia,Bogotá,27/4/1991
581,Azahar Uría Armas,leire87@yahoo.com,Colombia,Medellín,9/8/1969
582,Félix Bueno Frías,perlitadieguez@hotmail.com,Colombia,Bogotá,28/8/2004
583,Cloe Acosta-Zorrilla,pbenitez@busquets-mulet.com,Colombia,Bogotá,6/11/2005
584,Haroldo Pereira Camino,ambrosiobertran@yahoo.com,Colombia,Bucaramanga,16/4/2002
585,Manuel Adán-Mur,umorcillo@castello.org,Colombia,Medellín,24/4/1963
586,Leocadio Pizarro Bru,gaspar36@gmail.com,Colombia,Barranquilla,14/8/1970
587,Reyna Quevedo López,martinamor@menendez-castro.es,Colombia,Medellín,2/6/1994
588,Jose Ignacio Salinas,kledesma@hotmail.com,Colombia,Bogotá,14/4/1988
589,María Luisa Estrada Rovira,arjonaarmida@yahoo.com,Colombia,Medellín,16/10/1974
590,Jose Miguel Águila Zamorano,adelina61@mas-comas.com,Colombia,Cali,16/2/1995
591,Emiliana Asenjo Benito,vicensteodoro@busquets-sobrino.org,Colombia,Bogotá,19/5/1999
592,Rodrigo Vara Alegre,yescobar@pozo.com,Colombia,Cali,15/10/1979
593,Maristela Sanz Sandoval,zaida23@gmail.com,Colombia,Medellín,20/8/2000
594,Tristán Camino-Roura,pratdemetrio@duarte.es,Colombia,Bogotá,5/2/1987
595,Paola Lara Mateo Palomo,chucho22@gmail.com,Colombia,Barranquilla,11/8/1960
596,Timoteo Amor,pcodina@ruano.net,Colombia,Bogotá,25/1/1991
597,Jordi Roca Almeida,vanesacorominas@salgado.com,Colombia,Cali,16/1/1976
598,Eugenio Pou,adan16@valcarcel-manso.com,Colombia,Cali,11/8/1992
599,Marta Torrents,alvarezalejo@moles-bartolome.org,Colombia,Medellín,28/6/1967
600,María Ángeles Oliver Sanabria,cuellarlucio@hotmail.com,Colombia,Bucaramanga,6/12/1982
601,Cristina Vera Gimenez,scastro@hotmail.com,Colombia,Medellín,3/5/2005
602,Rosalinda Sureda Cáceres,jessica17@duran.com,Colombia,Bucaramanga,3/11/1987
603,Encarnacion Guitart Gallart,palmersocorro@palau-cuadrado.com,Colombia,Barranquilla,12/11/1963
604,Irene Carbonell González,amandajorda@padilla-artigas.org,Colombia,Barranquilla,9/8/1994
605,Nayara Aránzazu Ayuso Río,camachomerche@hotmail.com,Colombia,Bogotá,22/5/1962
606,Aránzazu Diego,visitacionpardo@manzano.es,Colombia,Medellín,15/4/1966
607,Moisés Parra Nadal,franchvalentin@agudo-higueras.es,Colombia,Bucaramanga,24/11/1993
608,Aristides Larrañaga Perales,eva32@hotmail.com,Colombia,Bogotá,22/1/1975
609,Salvador Romeu Reyes,yvillalonga@hotmail.com,Colombia,Bucaramanga,25/8/1989
610,Rogelio Agustín Villar,neiramaxi@cordoba-roura.com,Colombia,Medellín,20/1/1962
611,Vito Barco Vizcaíno,rquesada@hotmail.com,Colombia,Medellín,16/11/1980
612,Adelia Losa Álamo,psalmeron@salamanca.es,Colombia,Medellín,15/12/1972
613,Aristides Alejandro Nadal Porta,ignacio18@miguel.com,Colombia,Medellín,10/4/1996
614,Dora Hernández-Mateu,barredaprudencia@yahoo.com,Colombia,Bogotá,24/1/1994
615,Beatriz Asenjo Casanovas,constanza07@yahoo.com,Colombia,Barranquilla,9/2/1999
616,Oriana Guillen-Ordóñez,griselda92@hotmail.com,Colombia,Barranquilla,19/5/1976
617,Fernando Villalonga Fernández,jcabanas@hotmail.com,Colombia,Cali,8/2/1965
618,Américo Rodríguez Castillo,victor-manuelbermejo@yahoo.com,Colombia,Cali,27/7/1997
619,Reyes Prat,croda@hotmail.com,Colombia,Bogotá,26/11/1987
620,Calixto Vega Castejón,tcastello@hotmail.com,Colombia,Barranquilla,1/1/1974
621,Juana Antúnez Crespo,realdamian@gmail.com,Colombia,Bucaramanga,28/3/1979
622,Juan Carlos Coronado Carranza,reinaldo44@yahoo.com,Colombia,Barranquilla,3/4/1969
623,Ruben Robles Atienza,ildefonso27@gmail.com,Colombia,Barranquilla,4/4/1983
624,Trinidad Arribas Rios,clarisa75@yahoo.com,Colombia,Bogotá,30/9/2000
625,Rico Chacón Vargas,jsanchez@hotmail.com,Colombia,Bogotá,17/1/2002
626,Guadalupe Gala Guerrero Prats,salazarmagdalena@yahoo.com,Colombia,Medellín,21/3/1961
627,Mayte Mendizábal-Casals,esperanzabaena@velez.com,Colombia,Bucaramanga,22/9/1995
628,Agapito Llopis Fuster,zblazquez@montes.es,Colombia,Medellín,9/4/1989
629,Hipólito Amador Álvarez,fjimenez@gmail.com,Colombia,Barranquilla,22/12/1970
630,Calixto Ciriaco Jaume Borrás,saturnino20@morell.com,Colombia,Barranquilla,2/4/1966
631,Bibiana Rey Morante,dcarrillo@gmail.com,Colombia,Cali,27/2/2000
632,Cándida Ureña-Verdugo,leonbenjamin@yahoo.com,Colombia,Bucaramanga,26/3/1987
633,Jose Antonio Andres Ramón,leoncasandra@cadenas.org,Colombia,Medellín,29/3/1965
634,Clara Cisneros,merchehigueras@hotmail.com,Colombia,Bogotá,10/4/1990
635,Aarón Sobrino Mancebo,barrenaafrica@llano-iglesia.es,Colombia,Barranquilla,4/1/1974
636,Sol Vicens-Lucena,mamenbecerra@borras-prats.com,Colombia,Bucaramanga,26/5/1997
637,Valentín Rosales-Galvez,fabiola47@yahoo.com,Colombia,Bogotá,2/6/1981
638,Clementina Segura Moya,flaviaabril@tamayo.com,Colombia,Barranquilla,5/12/2006
639,Rafaela Pozo Bertrán,salgadohortensia@osorio.es,Colombia,Cali,18/12/2006
640,Bernabé Sevillano Pellicer,oagusti@aller.net,Colombia,Bucaramanga,29/1/2002
641,Sancho Plinio Giner Guillén,angelino47@hotmail.com,Colombia,Bogotá,15/11/1972
642,Aura Lobato Vall,carminaferrer@hotmail.com,Colombia,Cali,22/7/1999
643,Ramón Bas Castejón,socorrozabala@hotmail.com,Colombia,Bucaramanga,1/9/2005
644,Osvaldo Iriarte Santiago,uazorin@ramirez-lledo.com,Colombia,Medellín,17/2/1984
645,Purificación Arranz,lobozaida@sanchez-molina.com,Colombia,Barranquilla,23/4/1982
646,Valerio Amaya Gonzalez,iborraharoldo@gmail.com,Colombia,Medellín,22/10/1963
647,Alberto Tena Rosales,priscila43@saenz.es,Colombia,Bucaramanga,23/11/1994
648,Angelino del Bustos,boadabenjamin@gmail.com,Colombia,Bogotá,18/9/2006
649,Rosendo Castell Barrio,mataemiliana@hotmail.com,Colombia,Barranquilla,17/6/1966
650,Lino Azorin Mariño,nbaez@yahoo.com,Colombia,Barranquilla,4/6/2004
651,Adelina Jenny Plana Simó,nicolasflorina@hotmail.com,Colombia,Cali,23/9/1994
652,Maristela Fernández Campoy,bauzadorita@cases.org,Colombia,Medellín,16/4/1992
653,Isidora Cayetana Herrero Cervantes,castellmateo@ruano.org,Colombia,Medellín,26/6/1991
654,Marcial Francisco Javier Manuel Peinado,baudeliogamez@ballester.net,Colombia,Bucaramanga,24/3/1973
655,Francisco Fajardo Tamarit,reyes99@yahoo.com,Colombia,Bucaramanga,22/11/1981
656,Baldomero Santos Arnal,zoraidaacevedo@hotmail.com,Colombia,Bogotá,15/3/1975
657,Matilde Garcés Haro,noemi63@yahoo.com,Colombia,Bogotá,21/3/1984
658,Angelino Pallarès Andrés,luis-angelsacristan@palomino.com,Colombia,Bucaramanga,12/11/1978
659,Damián Juárez Dávila,gasparferrandez@gmail.com,Colombia,Bogotá,2/6/1966
660,Severo Cervantes Pinilla,humberto47@pelayo.com,Colombia,Bogotá,24/12/1963
661,Calixto Castrillo Falcó,uperello@roman.net,Colombia,Bogotá,22/8/1969
662,Delia Baeza Losada,ugallart@sosa.com,Colombia,Cali,10/12/1985
663,Florentina Valenzuela,modestopereira@hotmail.com,Colombia,Bucaramanga,15/3/1993
664,Edelmira Quero Arce,teresafranco@guitart-priego.net,Colombia,Bogotá,11/3/1985
665,Camila Perelló-Iñiguez,maricruzblasco@sales-villena.es,Colombia,Cali,1/5/1962
666,Loida Navarrete Rojas,arosell@yahoo.com,Colombia,Medellín,9/2/1978
667,Aitana Escobar Sala,filomena15@marino.com,Colombia,Barranquilla,24/3/1966
668,Andrés Felipe Palomino Arenas,haroldo54@llobet-farre.com,Colombia,Medellín,29/11/1979
669,Sergio Fulgencio Quintero Ramirez,wvila@puga.net,Colombia,Barranquilla,9/6/1975
670,Maristela Solís,maxima15@gmail.com,Colombia,Cali,10/1/2007
671,Clementina Ródenas Sandoval,emilio92@agusti-valero.es,Colombia,Barranquilla,20/1/1988
672,Noelia Quintanilla Marí,antonagata@gmail.com,Colombia,Bucaramanga,13/3/1998
673,Zaira María Fernanda Portillo Piquer,ibartolome@fabra-taboada.com,Colombia,Bucaramanga,4/4/1990
674,Arturo Che Calvet Elías,lamor@banos.org,Colombia,Barranquilla,5/5/1979
675,Anastasia Sanz,aura02@reig-portillo.com,Colombia,Barranquilla,14/1/1996
676,Judith Bayona Porcel,sabinafuster@rosell-taboada.com,Colombia,Bucaramanga,5/5/1973
677,Otilia Segarra,adrianclavero@yahoo.com,Colombia,Bucaramanga,9/9/2000
678,Juan José del Tudela,variza@gmail.com,Colombia,Medellín,1/8/1990
679,Odalis Martorell Portillo,libanez@rosales.com,Colombia,Medellín,27/1/2007
680,Dimas Cruz Llanos,gayavioleta@yahoo.com,Colombia,Bucaramanga,24/2/1997
681,Gerónimo Benito Calzada,ksanmartin@yahoo.com,Colombia,Bogotá,27/7/1962
682,Alba Beltran Serrano,marcia63@yahoo.com,Colombia,Cali,1/8/1976
683,Pedro Cerezo Morillo,eserra@gmail.com,Colombia,Medellín,26/4/1989
684,Jonatan Lorenzo Cuéllar,cabreragalo@casanova-portillo.com,Colombia,Cali,17/4/1960
685,Carmelo Saez-Palma,lidiaaramburu@garzon.com,Colombia,Medellín,6/7/1980
686,Amaya Acuña Atienza,ursulaiborra@yahoo.com,Colombia,Barranquilla,1/10/1965
687,Humberto Anaya Alcaraz,irmabarroso@gmail.com,Colombia,Cali,21/9/2004
688,Porfirio Diego Arregui,morillomohamed@hotmail.com,Colombia,Barranquilla,16/8/1973
689,Gertrudis del Carrillo,curropalacios@duran-alcolea.es,Colombia,Barranquilla,6/1/1986
690,Jenaro Gimeno,florentina95@bautista.es,Colombia,Medellín,13/4/2000
691,Aroa Duarte Infante,evangelina62@echevarria-monreal.es,Colombia,Bogotá,24/9/1960
692,Zaida Marisol Sanchez Piñeiro,guerreroalfonso@casanova.es,Colombia,Bogotá,7/12/1964
693,Bruno Perera Valenzuela,evaristopena@gmail.com,Colombia,Barranquilla,25/3/2000
694,Pepita Mulet Cañete,fidela08@yahoo.com,Colombia,Bucaramanga,21/2/1961
695,Teo del Noriega,calistabalaguer@hurtado.es,Colombia,Bucaramanga,22/5/2002
696,Anacleto Tur Becerra,cidhernando@bravo.net,Colombia,Medellín,6/11/1964
697,Paola Solera Merino,jose-ignaciorodrigo@ibarra.org,Colombia,Cali,27/3/1973
698,Tomás Teruel-Bernal,kpina@yahoo.com,Colombia,Medellín,1/12/1993
699,Paulina Iris Costa Toledo,froma@corominas-echevarria.org,Colombia,Barranquilla,5/5/1980
700,Elodia Perez Terrón,elias73@falco.com,Colombia,Bogotá,23/1/1987
701,Gertrudis Perea Plana,felipa91@yahoo.com,Colombia,Barranquilla,19/9/1985
702,Candelas Ferrera-Rubio,araceli75@hotmail.com,Colombia,Barranquilla,2/10/1985
703,Paulina Huerta Herrera,pardoevangelina@hotmail.com,Colombia,Medellín,30/10/2004
704,Eladio Sarabia Colom,eligiacuellar@gmail.com,Colombia,Bogotá,24/10/1965
705,Gisela Bernat Villegas,bdaza@matas-valle.es,Colombia,Cali,17/7/1987
706,Baltasar Ocaña Clavero,marianelapuig@hotmail.com,Colombia,Bogotá,28/12/1970
707,Abigaíl Caballero Becerra,umaldonado@yahoo.com,Colombia,Bucaramanga,10/1/1985
708,Pastor Cañizares Figuerola,anicanet@yahoo.com,Colombia,Bucaramanga,16/3/1973
709,Reinaldo España Feliu,osaez@hotmail.com,Colombia,Medellín,2/11/1970
710,Eugenio Boada Pina,bernardo50@guitart.com,Colombia,Bucaramanga,21/8/1977
711,Nazaret Arnaiz Caballero,penaelisa@larranaga.es,Colombia,Bogotá,5/10/1984
712,Estela Heras Paniagua,wbarcelo@yahoo.com,Colombia,Cali,16/8/1990
713,Paola Chamorro Amigó,juana35@talavera-villa.es,Colombia,Bucaramanga,14/12/2002
714,Adriana Palomino Arroyo,mguillen@yahoo.com,Colombia,Cali,21/3/2001
715,Félix Roman Tamayo,mmarin@clemente.com,Colombia,Bogotá,16/6/1965
716,Sigfrido Nicodemo Solera Diéguez,toledogloria@hotmail.com,Colombia,Cali,7/12/1973
717,Renato Borrás Camacho,cuetoursula@yahoo.com,Colombia,Cali,11/8/1978
718,Plácido del Tamayo,agatatellez@mendez.com,Colombia,Medellín,2/7/1985
719,Tatiana del Guijarro,david41@borrell.net,Colombia,Bucaramanga,22/7/1984
720,Teodosio Millán Pinto,bernabe98@pons.es,Colombia,Medellín,4/10/2005
721,Juan Bautista Girona Campillo,sernamaximiano@gmail.com,Colombia,Barranquilla,18/7/1993
722,Brunilda Luque Coello,martin81@tejera-garriga.es,Colombia,Barranquilla,2/3/1985
723,Sandalio Mínguez Corominas,juanitabadia@torrent.es,Colombia,Barranquilla,13/5/1970
724,Leocadio Poza Nebot,wolive@yahoo.com,Colombia,Bucaramanga,14/6/1995
725,Epifanio Pablo Ferrero Prada,moisesbalaguer@mateu.com,Colombia,Barranquilla,12/5/1992
726,Vidal Camilo Gallego Gibert,paredeslucila@cal.es,Colombia,Bogotá,25/1/1966
727,Juana Escobar Badía,dorita62@quintero.com,Colombia,Bucaramanga,12/10/1992
728,Omar Marc Duque Perez,rpina@salgado.com,Colombia,Bucaramanga,2/11/1967
729,Miguela Vergara Gomila,sllanos@busquets.es,Colombia,Medellín,1/6/1998
730,Augusto Morell Bartolomé,zaller@torres.com,Colombia,Bucaramanga,8/7/1967
731,Tomás Escolano Adadia,donato02@hotmail.com,Colombia,Bogotá,2/7/1970
732,Lisandro Jerez Arana,velascomarc@duarte-rocha.com,Colombia,Bogotá,3/9/1962
733,Yolanda Marcos,coronatrujillo@hotmail.com,Colombia,Bucaramanga,29/6/1983
734,Lupita Lina Gallego Cabeza,angelinofabra@mari.com,Colombia,Medellín,19/12/1983
735,Bernardo Roca-Benavente,rico26@yahoo.com,Colombia,Bucaramanga,27/7/2005
736,Nélida Clemente Frías,evita35@vidal.com,Colombia,Cali,14/1/1989
737,Alba Huertas Berenguer,canetisaura@hotmail.com,Colombia,Bogotá,11/12/1981
738,Gerardo Múgica Llano,leocadioagustin@pi.es,Colombia,Medellín,8/12/1967
739,Juan José Medina Tovar,juanita94@linares.com,Colombia,Cali,15/1/1986
740,Francisco Jose Quevedo Tapia,agapito82@cases.org,Colombia,Cali,11/1/2003
741,Olga Ibañez Ripoll,valentinotero@yahoo.com,Colombia,Cali,22/8/1988
742,Paca Granados,mayoralsantos@yahoo.com,Colombia,Medellín,9/12/1964
743,Pánfilo Heredia Bueno,blazquezmar@urena-alarcon.es,Colombia,Cali,29/5/1993
744,Noa Casanovas,falconvisitacion@hotmail.com,Colombia,Bucaramanga,13/6/1988
745,Pilar del Hidalgo,rdomingo@gomila.es,Colombia,Bucaramanga,29/7/1983
746,Héctor Valbuena Pinilla,daniel53@carranza.es,Colombia,Bucaramanga,11/1/1974
747,Rafa Prada Gelabert,sierratecla@hotmail.com,Colombia,Barranquilla,28/9/1983
748,Mario Seguí Moya,custodio05@hotmail.com,Colombia,Barranquilla,28/8/1983
749,Aureliano Rosa Téllez,angelaroa@reig.es,Colombia,Medellín,19/3/2004
750,Daniel Sosa-Prats,panfilo62@hotmail.com,Colombia,Bucaramanga,17/5/1989
751,Candelaria Chaves Otero,palomarsol@hotmail.com,Colombia,Bogotá,6/6/1972
752,Alex Bonifacio Prat Robledo,cuetogriselda@gmail.com,Colombia,Bucaramanga,14/8/1977
753,Humberto Torrijos Valbuena,maricruz68@porcel.com,Colombia,Bucaramanga,12/2/1970
754,Leyre Alcalde Guzmán,timoteo90@tenorio-mancebo.org,Colombia,Medellín,20/9/1988
755,Martin de Vidal,lisandrocardona@huertas-romeu.net,Colombia,Medellín,18/7/1966
756,María Jesús Escudero,jenarocarreno@quero.org,Colombia,Cali,16/7/1988
757,Mario Flores Bou,hramon@guardia-girona.es,Colombia,Bogotá,15/9/1963
758,Inmaculada Aznar,leonprudencio@yahoo.com,Colombia,Barranquilla,25/12/1987
759,Feliciano de Espada,azoringertrudis@montoya.es,Colombia,Barranquilla,22/5/1966
760,Catalina Iniesta Tur,marco11@hotmail.com,Colombia,Cali,29/1/1997
761,Fito Palomo Pardo,florentinallorente@gmail.com,Colombia,Barranquilla,8/10/1966
762,Maxi Carreño Armengol,juliesalinas@benavides.es,Colombia,Barranquilla,20/10/1991
763,Juanito Corral,gregorioripoll@iriarte.es,Colombia,Barranquilla,20/2/1964
764,Hortensia Zabaleta Vara,elenalledo@castello.com,Colombia,Bogotá,31/7/1986
765,Noa Vilanova Benavides,yvergara@portero.net,Colombia,Barranquilla,2/6/1970
766,Concha Agullo-Vilalta,marcio34@hotmail.com,Colombia,Medellín,21/8/1967
767,Dani Arroyo Gárate,colomersol@yahoo.com,Colombia,Bucaramanga,14/1/1963
768,Sergio de Carmona,evelia95@blanco-laguna.com,Colombia,Medellín,7/8/1979
769,Amparo Alarcón Pagès,gabriel40@camino.net,Colombia,Barranquilla,6/8/1981
770,Cristian Prats-Cortés,lunaroura@yahoo.com,Colombia,Medellín,27/11/1965
771,Carolina Segovia Esteban,clotildetrujillo@escribano.org,Colombia,Medellín,10/5/1986
772,Cecilia Anastasia Clemente Bello,walterquevedo@gmail.com,Colombia,Medellín,2/5/1960
773,Armida Florinda Plana Almansa,arranzeligio@blanes.com,Colombia,Cali,3/3/1960
774,Kike Nevado Blázquez,alexandrasaldana@melendez.es,Colombia,Barranquilla,2/5/1963
775,Nydia del Casal,calderoncandelas@calderon-vidal.es,Colombia,Bucaramanga,18/10/1974
776,Danilo Roldán Pol,gabriela43@planas.com,Colombia,Bucaramanga,15/6/1966
777,Gaspar Antonio Múgica Carrasco,arocaelodia@gmail.com,Colombia,Barranquilla,19/8/1995
778,María Carmen Escudero Rodríguez,etelvina45@linares.es,Colombia,Barranquilla,23/9/1964
779,Tomás Comas Collado,rosariosalom@hotmail.com,Colombia,Bogotá,26/3/1967
780,Inmaculada Lopez-Coca,edu26@montana-urrutia.es,Colombia,Barranquilla,13/9/1987
781,Rosalina Mercedes Mínguez Chacón,jriquelme@ugarte-grau.es,Colombia,Bogotá,27/3/1988
782,Maricruz Gimenez,porfirioacedo@alemany.es,Colombia,Bogotá,2/8/1963
783,Fernanda Chaparro Mariño,petronarobledo@gmail.com,Colombia,Bogotá,2/5/1963
784,Benigno Clemente Pina,dperal@camino.com,Colombia,Bogotá,21/5/1984
785,Aníbal Hierro Benítez,wconde@soriano.com,Colombia,Bogotá,15/7/1987
786,Isidora Alcalde Madrid,benitoanton@duran.com,Colombia,Barranquilla,19/10/2005
787,Manola Jordá Valls,teocrespo@yahoo.com,Colombia,Bucaramanga,23/3/1985
788,Ramiro Galán Pérez,rubenespejo@berenguer.es,Colombia,Barranquilla,30/9/1970
789,Samu Pera Rodrigo,cesar11@narvaez-anaya.net,Colombia,Medellín,20/5/1996
790,Anacleto Galán Alba,carmenfranch@hotmail.com,Colombia,Cali,6/11/1977
791,Lucas Arribas Tomás,mirandaciro@aguirre-palacios.org,Colombia,Barranquilla,16/10/1972
792,Pili Portillo Pagès,munozsaturnino@vara.com,Colombia,Medellín,14/7/1985
793,Maristela Arcos Manrique,isabelsierra@bueno.net,Colombia,Barranquilla,26/11/2005
794,Rodrigo Cuevas Valls,vcastro@yahoo.com,Colombia,Cali,8/11/1988
795,Victor Manuel Ponce Haro,corominasclaudia@valencia.com,Colombia,Bucaramanga,18/6/1965
796,Arcelia Sanz Mir,felix14@parra.com,Colombia,Bogotá,19/11/1990
797,Jordi Jaén-Salamanca,torrentsanibal@madrid-quero.es,Colombia,Cali,27/6/1984
798,Sonia Mir,reyesantonia@yahoo.com,Colombia,Bucaramanga,8/6/1962
799,Milagros Amparo Hierro Aguiló,mansoremigio@pujol.net,Colombia,Bucaramanga,24/1/2005
800,Félix Solano Solís,boadageraldo@hotmail.com,Colombia,Bucaramanga,2/1/1989
801,Herberto Mulet,octavio97@tamayo.org,Colombia,Bucaramanga,16/8/1996
802,Joel Coello García,pintobernabe@yahoo.com,Colombia,Medellín,20/1/1974
803,Curro Alsina Rocha,fabiola21@gmail.com,Colombia,Bucaramanga,5/2/1987
804,Eustaquio Sanmiguel Rivas,geronimo01@nogues-martinez.com,Colombia,Cali,19/1/1988
805,Juanita Cuevas Rueda,jagustin@hotmail.com,Colombia,Barranquilla,26/12/2004
806,María Manuela Coca-Morante,contrerasteofila@yahoo.com,Colombia,Medellín,23/1/1981
807,Ruy Ramos Jódar,ocasas@cabanillas-arce.net,Colombia,Bucaramanga,4/12/2006
808,Remedios de Pina,hugo39@pellicer.com,Colombia,Medellín,12/9/1993
809,Pancho Valera Sarmiento,wortiz@hotmail.com,Colombia,Bogotá,21/5/1982
810,Chus Segarra Romero,carolinacanovas@hotmail.com,Colombia,Bucaramanga,5/12/1978
811,Melisa Luque Cabezas,borrasflorentina@reina.es,Colombia,Medellín,2/10/1989
812,Marisa Antúnez,ogalan@yahoo.com,Colombia,Medellín,2/11/1972
813,Beatriz Orozco Simó,xaguilera@gmail.com,Colombia,Medellín,9/5/2004
814,Fabio Ribera-Hernández,aantunez@corral.es,Colombia,Medellín,20/6/1998
815,Dalila Posada Fernández,romeueduardo@hotmail.com,Colombia,Bogotá,9/5/1971
816,Yaiza Monreal Villar,gguardia@cases.es,Colombia,Bucaramanga,10/5/1970
817,Clara Buendía Bueno,oalberdi@coronado.es,Colombia,Medellín,31/5/1968
818,Melisa Palma Estévez,manuelferrer@higueras.com,Colombia,Cali,25/4/1969
819,Melchor Calderón Cantero,campoerasmo@yahoo.com,Colombia,Cali,4/11/1965
820,Jose Miguel Pardo Galiano,tudelanatalia@gmail.com,Colombia,Medellín,21/8/1992
821,Cruz Rivas Perez,lcuevas@yahoo.com,Colombia,Bogotá,3/6/2004
822,Melania Angulo-Carpio,alondra99@hotmail.com,Colombia,Bucaramanga,14/1/1995
823,Benjamín Fernández-Andreu,inocenciopatino@gaya.es,Colombia,Barranquilla,17/3/1965
824,Eloy Llanos Tirado,oliveleandra@mariscal.es,Colombia,Barranquilla,20/7/1976
825,Conrado Lucas Pozo,fito37@salmeron-roda.org,Colombia,Bogotá,7/11/1966
826,Fátima Inés Folch Osorio,sanchoflorencio@gmail.com,Colombia,Bogotá,2/6/1987
827,Marciano Severiano Ortuño Puig,escolanonydia@roman-estevez.es,Colombia,Bogotá,5/3/1974
828,Florencia Codina Miralles,montalbanjaviera@mulet.es,Colombia,Bucaramanga,1/10/1997
829,Guadalupe Luque Garay,lobolilia@benavides.es,Colombia,Medellín,11/12/1972
830,Salvador Uribe Valenzuela,tadeo11@donoso-morillo.es,Colombia,Bogotá,23/12/1960
831,Agapito Modesto Acuña Serrano,prudenciaquevedo@gmail.com,Colombia,Cali,29/5/2003
832,Andrés Soriano Bustamante,leonardo55@yahoo.com,Colombia,Medellín,3/11/1980
833,María José Arévalo Pozuelo,puriarte@gmail.com,Colombia,Bogotá,10/7/1966
834,Dani Asenjo Alarcón,moraledarosalva@ruano.com,Colombia,Medellín,19/8/1984
835,Adela de Jover,asensiomarco@laguna.es,Colombia,Barranquilla,14/2/1971
836,Lupe Serna Carretero,rosalva29@salvador-carvajal.net,Colombia,Bucaramanga,18/11/1992
837,Felipe Tolosa-Gonzalez,maria-dolores41@herrera-fuster.com,Colombia,Barranquilla,19/8/1963
838,Adolfo Garzón,fexposito@gmail.com,Colombia,Bucaramanga,19/9/1999
839,Lola Millán,gcorrea@gmail.com,Colombia,Barranquilla,11/4/1984
840,Jennifer Vilanova Franco,brunolobo@yahoo.com,Colombia,Medellín,7/6/1980
841,Miriam Calatayud-Colom,canetjose-angel@gmail.com,Colombia,Bogotá,7/9/1977
842,Jordán Santamaría Ortiz,blascopaulino@yahoo.com,Colombia,Medellín,17/7/1986
843,Irene Verdejo,sainzleandro@yahoo.com,Colombia,Bogotá,2/9/2003
844,Patricia Rocamora Ferrera,samuelegea@hotmail.com,Colombia,Bogotá,13/11/2000
845,Lorenza Rosselló Canales,dangimenez@baena.org,Colombia,Cali,29/9/1995
846,Emiliano Gonzalo Quiroga,ocadenas@hotmail.com,Colombia,Cali,12/7/1973
847,Rubén Frutos Olivera,macarena01@gmail.com,Colombia,Cali,22/4/1980
848,Che del Baños,nazaretsarabia@alberto.es,Colombia,Barranquilla,12/12/1960
849,Eligio Benítez Donaire,ainoa90@huertas-sureda.com,Colombia,Cali,18/2/1998
850,Silvestre Danilo Zapata Vaquero,matildeburgos@mayo.es,Colombia,Cali,27/5/1983
851,Domitila del Izaguirre,walcalde@yahoo.com,Colombia,Barranquilla,17/9/2004
852,Julie Aurelia Lerma Vives,segismundogimenez@cifuentes.com,Colombia,Cali,18/11/2006
853,Fernanda Fábregas Borrell,rcampoy@sancho.org,Colombia,Bogotá,21/2/1986
854,Hilda Llorente-Mendoza,vinajudith@casado-rossello.es,Colombia,Medellín,11/1/1967
855,Josep Colom Soler,estrella82@torrens-maldonado.com,Colombia,Bogotá,1/6/1990
856,César Luna Casal,amaza@ortuno-abascal.com,Colombia,Cali,13/5/1983
857,Rubén Timoteo Vallés Cortina,eric36@berrocal.com,Colombia,Bucaramanga,16/6/1976
858,Ileana Pujol Cabañas,edelmira42@hotmail.com,Colombia,Medellín,23/6/1981
859,Berta Flores-Ibáñez,tflores@boada-martinez.es,Colombia,Barranquilla,6/4/1989
860,Bruno Zurita Salamanca,adelina56@yahoo.com,Colombia,Medellín,3/12/1990
861,Yago Amor Robledo,encarnacionmate@vigil.com,Colombia,Bogotá,2/4/1986
862,Heriberto Aguado Sevillano,blazquezbartolome@yahoo.com,Colombia,Medellín,23/12/1999
863,Segismundo Manso Tirado,carrionmanu@hotmail.com,Colombia,Medellín,26/6/1973
864,Bienvenida Valbuena,teresacortes@mercader-agudo.es,Colombia,Bogotá,6/2/1964
865,Carmelo Carrillo Vizcaíno,hernandocalleja@amat-vega.es,Colombia,Medellín,27/10/1967
866,Hermenegildo Jose Antonio Espejo Gutierrez,bcasal@gmail.com,Colombia,Medellín,4/3/1969
867,Che de Tamayo,luis-miguel19@yahoo.com,Colombia,Medellín,4/4/1978
868,Gabriela Campo Simó,bcolomer@yahoo.com,Colombia,Bucaramanga,4/12/1997
869,Adelina Mateo Aragón,pachecoemilio@yahoo.com,Colombia,Medellín,25/2/1960
870,Gastón Valle Vaquero,vanesa86@barros.es,Colombia,Cali,22/1/1969
871,Ruben Mateo-Prada,epenas@escribano.org,Colombia,Cali,1/8/1981
872,Marisa Oliveras-Quintanilla,andreureyes@cuenca.com,Colombia,Medellín,14/12/1991
873,Pía Guardiola Guzmán,luisaplana@baro-barrio.org,Colombia,Bucaramanga,28/6/1964
874,Rafaela Perelló Andreu,candido76@folch.org,Colombia,Barranquilla,22/9/2005
875,Daniel Cosme Cáceres Roura,amadoreva@barcena.com,Colombia,Bucaramanga,19/4/1987
876,Magdalena Bello-Niño,nfalcon@saez.es,Colombia,Cali,7/2/1964
877,Inmaculada Peñalver Belda,micaelavillar@cabrero-carranza.es,Colombia,Barranquilla,18/6/2000
878,Eusebia de Goicoechea,rosario51@gmail.com,Colombia,Bucaramanga,25/11/1995
879,Dalila Villaverde-Vall,ibarbera@hotmail.com,Colombia,Medellín,1/8/1991
880,Nacho Andrés-Antúnez,mjulian@yahoo.com,Colombia,Bucaramanga,6/6/1973
881,Salomé del Barrios,zbeltran@aranda.es,Colombia,Bogotá,10/2/1992
882,Elpidio Arnaiz Calvet,overa@ordonez.org,Colombia,Bucaramanga,19/4/1963
883,Roldán Ferrández Pinilla,yazorin@casares-ropero.es,Colombia,Medellín,2/5/1989
884,Vidal Pedro Ortiz,ulises03@briones.com,Colombia,Medellín,8/1/1996
885,Amalia Alcolea-Iborra,barberaedmundo@escribano-lumbreras.com,Colombia,Medellín,11/7/2000
886,Esteban de Puga,benitezcarmelo@yahoo.com,Colombia,Bogotá,11/7/2007
887,Viviana Giménez Salcedo,melisa84@hotmail.com,Colombia,Bogotá,26/9/1977
888,Octavia Vara Calvet,valentina69@losa-bermudez.net,Colombia,Barranquilla,22/3/1975
889,Raimundo Leonel Galvez Casado,andres-felipegutierrez@hotmail.com,Colombia,Barranquilla,30/5/1990
890,Agustín Valenzuela Aragón,dionisia64@gmail.com,Colombia,Cali,9/1/2001
891,Leocadia Alfonso Piñeiro,oarregui@gmail.com,Colombia,Medellín,9/6/2004
892,Luisina Badía Mayol,amancio95@gascon-amoros.es,Colombia,Bogotá,2/6/1963
893,Leonel Pons Madrigal,qvillena@gmail.com,Colombia,Barranquilla,29/9/1975
894,Wilfredo Alcántara Lozano,iborramaria-manuela@hotmail.com,Colombia,Bucaramanga,24/5/1998
895,Alma Lledó Pardo,micaela90@gmail.com,Colombia,Barranquilla,30/6/2004
896,Socorro Lamas Escamilla,calemany@gmail.com,Colombia,Barranquilla,11/12/1983
897,Merche Gibert Real,lloretteofila@miralles.com,Colombia,Bogotá,28/4/1978
898,Toño Uría-Castejón,eugenioayala@carbo.com,Colombia,Bogotá,5/1/1994
899,Marina Molins Arnaiz,jovejose-angel@osuna.com,Colombia,Medellín,17/12/1966
900,José Luis Salcedo Carbajo,herminiomoreno@pera.es,Colombia,Bucaramanga,18/3/1961
901,María Dolores Palomino Naranjo,adoracion49@gmail.com,Colombia,Bucaramanga,26/7/1962
902,Carlito Xavier Amigó Camino,ariadna89@nunez.com,Colombia,Cali,17/9/2003
903,Antonio Gomez Vara,alamonazaret@gmail.com,Colombia,Medellín,22/3/1995
904,Isabela Molins,piedadmarcos@gmail.com,Colombia,Bogotá,29/2/1984
905,Javier del Carlos,xredondo@ortiz.com,Colombia,Barranquilla,23/6/1992
906,Crescencia Jacinta Riquelme Gras,maxiramon@cervera.es,Colombia,Bogotá,28/1/1965
907,Ignacia Vazquez Colomer,trinidadescolano@yahoo.com,Colombia,Bucaramanga,2/10/1967
908,Dorotea Soriano Cabrero,rosadoamado@diaz.es,Colombia,Barranquilla,15/3/1968
909,Obdulia Hernández Marcos,teofila59@campos.es,Colombia,Bucaramanga,17/6/2002
910,Perla Ruano Mancebo,macarenaespanol@hotmail.com,Colombia,Bogotá,23/1/1960
911,Martina Pelayo-Santana,valentin28@hotmail.com,Colombia,Cali,15/2/1966
912,Eustaquio del Nogueira,umachado@montalban-escalona.com,Colombia,Medellín,13/11/1973
913,Lorenza Lobo Miralles,lucas21@llanos-torrecilla.es,Colombia,Bogotá,1/3/1979
914,Marcio Camino-Guardiola,clementegabaldon@hotmail.com,Colombia,Bogotá,2/4/2000
915,Victor Manuel Ferrero Agudo,peiroherminio@yahoo.com,Colombia,Cali,20/10/1989
916,Begoña Santiago,carreterovictor@yahoo.com,Colombia,Bucaramanga,11/6/1965
917,Emilio Carnero Otero,luciabenavente@crespi-vendrell.es,Colombia,Bogotá,12/6/2002
918,Nerea Benavent,rossellocornelio@hotmail.com,Colombia,Cali,7/7/1997
919,Maximiliano Aguiló Hoyos,rgimeno@lara.com,Colombia,Medellín,2/5/1993
920,Blas Conrado Borrego Villalonga,rovirabonifacio@gallardo-enriquez.com,Colombia,Barranquilla,7/6/1977
921,Fortunata Melania Guitart Oller,saturninamarin@gmail.com,Colombia,Bogotá,16/7/1992
922,Rosalinda Poza Palau,clemente31@yahoo.com,Colombia,Barranquilla,3/9/1981
923,Natanael del Carmona,qmontana@olivera.es,Colombia,Cali,13/6/1992
924,María Carmen Requena Guitart,julio83@barrera-moraleda.org,Colombia,Medellín,1/3/1986
925,Imelda Pujadas Juliá,amalia35@arroyo.es,Colombia,Bogotá,12/11/1970
926,Clarisa de Murcia,almazannidia@bosch-minguez.es,Colombia,Medellín,18/11/1962
927,Clementina Paredes,pilipriego@grande.es,Colombia,Bucaramanga,16/3/1974
928,Paula de Alcalde,zuritacristian@puga.com,Colombia,Barranquilla,7/3/1961
929,Maximiano de Aragón,pinagabriela@yahoo.com,Colombia,Bucaramanga,26/11/1977
930,Antonio Benavent Vargas,alcoleamanuelita@hotmail.com,Colombia,Bucaramanga,23/7/1999
931,Charo Miguel Morales,matasleocadio@yahoo.com,Colombia,Bucaramanga,7/7/1977
932,Jovita Peñas-Manuel,gironsantos@hotmail.com,Colombia,Bogotá,20/11/1978
933,Lilia de Piñeiro,xprada@campoy.com,Colombia,Bogotá,30/4/1975
934,Flora Tapia Canales,ernesto11@hotmail.com,Colombia,Bucaramanga,11/11/1992
935,Diana Blanes-Cid,uzabala@hotmail.com,Colombia,Cali,8/2/1993
936,Hernán Merino-Nebot,montoyajennifer@ramos.net,Colombia,Bucaramanga,17/7/1993
937,Modesta Gutiérrez Montserrat,jvilar@hotmail.com,Colombia,Bogotá,1/7/1988
938,Godofredo Castejón Alcalde,delgadohector@carballo-arias.es,Colombia,Cali,21/2/2002
939,Lara Chaves,sagullo@gmail.com,Colombia,Cali,31/7/2005
940,Juan Carlos Mora-Peral,luis-angelzabala@fuente.org,Colombia,Cali,11/11/1973
941,Ángeles Cerdá Córdoba,mollsigfrido@gmail.com,Colombia,Cali,4/2/1964
942,Fabricio Expósito Flores,gmuro@solis.com,Colombia,Barranquilla,1/11/2002
943,Verónica de Ochoa,leonardoluis@maza-pedrero.es,Colombia,Medellín,7/5/1996
944,Antonio Corominas,linoescalona@calatayud-castaneda.es,Colombia,Cali,30/10/1999
945,Eliana Roxana Sáenz Gallart,guardiolainocencio@collado.com,Colombia,Bucaramanga,14/7/1981
946,Victorino Azorin Cerro,usuarez@yahoo.com,Colombia,Bucaramanga,25/8/1997
947,Florinda Pol Sánchez,pili85@hotmail.com,Colombia,Barranquilla,1/2/1974
948,Maximiliano Lobato Clavero,strillo@yahoo.com,Colombia,Barranquilla,28/2/1989
949,Carmina Amaya Pavón,luisa63@hotmail.com,Colombia,Bucaramanga,29/12/1984
950,Raúl Alarcón Ferrández,begona30@hotmail.com,Colombia,Bucaramanga,8/12/1965
951,Zoraida Izaguirre Valverde,anastasio47@arranz-isern.org,Colombia,Medellín,8/8/1961
952,María Fernanda Santos Trujillo,ccalleja@andres-coronado.com,Colombia,Bogotá,31/1/1988
953,Amaro Salcedo Barrios,lobatoreyna@gmail.com,Colombia,Bucaramanga,5/4/2005
954,Viviana Dominguez Pazos,qrico@barriga.com,Colombia,Bogotá,11/4/1971
955,Amada Llorens Fiol,fabiolaacero@yahoo.com,Colombia,Cali,25/5/1983
956,Francisco Solano Boix,carnerozaida@gmail.com,Colombia,Bogotá,30/5/1965
957,Federico Almagro Dominguez,feliciaperera@bertran-huerta.org,Colombia,Medellín,25/7/1968
958,Amando Goyo Madrid Enríquez,claramoles@yahoo.com,Colombia,Bogotá,4/2/1978
959,Chus Marquez,flamas@yahoo.com,Colombia,Bucaramanga,10/4/1984
960,Reina Zabala Sancho,polfabricio@galvez.org,Colombia,Cali,21/2/2007
961,Mamen Leiva,juangibert@julian-angulo.com,Colombia,Barranquilla,17/1/1969
962,Maristela Moraleda Perales,morajudith@gmail.com,Colombia,Barranquilla,2/5/1970
963,Juanita Nadal Navarro,xiomarapalma@canovas-solera.com,Colombia,Medellín,28/6/2001
964,Martina Royo Pujol,jose-antonioperea@hotmail.com,Colombia,Bogotá,15/9/2005
965,Emperatriz Arjona Guillén,xrojas@perez-andrade.com,Colombia,Bucaramanga,23/2/2000
966,Chita Chaparro,modesta01@cid-oliva.es,Colombia,Barranquilla,15/11/1990
967,Narciso Coloma Fonseca,marino12@frutos.com,Colombia,Bucaramanga,15/2/2006
968,Sonia del Adadia,omarcabo@yahoo.com,Colombia,Barranquilla,28/12/1973
969,Nayara Peñalver Silva,ponceeduardo@canellas-pulido.es,Colombia,Bogotá,4/6/1988
970,Georgina Luna Bellido Oliver,gironasonia@hotmail.com,Colombia,Medellín,14/7/1975
971,Fidela Nieto Vallejo,pberenguer@cervera.net,Colombia,Bucaramanga,29/1/1980
972,Araceli Nicolás Plana,scontreras@pombo-terron.com,Colombia,Medellín,30/9/1971
973,Heliodoro Villar Camino,olivaresitziar@hotmail.com,Colombia,Barranquilla,21/1/1987
974,Cecilio Montaña Castells,falberdi@hotmail.com,Colombia,Barranquilla,29/3/1963
975,Ibán Efraín Carmona Sanjuan,inaranjo@yahoo.com,Colombia,Barranquilla,14/9/1971
976,Luisina Pla Bernal,navaslaura@jorda.es,Colombia,Medellín,27/2/1991
977,Alex Benjamín Tovar Seguí,peirojose-antonio@yahoo.com,Colombia,Bogotá,7/9/1979
978,Kike Lastra Escamilla,silvestre07@yahoo.com,Colombia,Cali,15/12/1961
979,Aurelia Felipa Arce Prieto,cesarbusquets@coca.es,Colombia,Bucaramanga,13/1/1983
980,Noemí Hervás Zabaleta,benitonacho@yahoo.com,Colombia,Bucaramanga,30/12/2000
981,Graciano Vila Bermúdez,telmo60@gmail.com,Colombia,Bucaramanga,17/12/2003
982,Silvio Rosselló Carnero,marcio98@hervas.es,Colombia,Bogotá,7/4/1989
983,Raúl Estevez-Lloret,rescudero@llamas-adadia.es,Colombia,Bucaramanga,23/9/1987
984,Emigdio Lasa Sevillano,giraltjafet@gmail.com,Colombia,Bucaramanga,13/11/1963
985,Elvira Pascuala Serna Rivero,jtamarit@gmail.com,Colombia,Medellín,13/4/1981
986,Sandra Sales Cordero,igalvez@hotmail.com,Colombia,Bucaramanga,28/1/1986
987,Heriberto Antúnez-Bermudez,celso38@yahoo.com,Colombia,Cali,27/12/1980
988,Nereida Solsona Andreu,etelvinaortiz@rosado.org,Colombia,Bogotá,25/1/1985
989,Benigna del Casal,ngil@mancebo.com,Colombia,Medellín,1/5/1987
990,Pili Gelabert Ripoll,maria-luisa51@hotmail.com,Colombia,Cali,25/12/1995
991,Genoveva de Quintero,cmacias@gmail.com,Colombia,Medellín,27/2/1979
992,Juan Pablo Múñiz Simó,placustodia@ripoll.net,Colombia,Bucaramanga,15/10/1974
993,Marcos Vaquero Bernat,morcilloemilia@gmail.com,Colombia,Bogotá,4/2/2002
994,Noa Bou Pellicer,mvidal@seco.net,Colombia,Barranquilla,15/2/1973
995,Benigna Marcos Barón,crescenciaserra@hierro-salcedo.net,Colombia,Cali,27/7/1993
996,Samu Muñoz Cuervo,abecerra@antunez.es,Colombia,Barranquilla,30/11/1987
997,Vasco Carrillo-Alvarez,sbarreda@yahoo.com,Colombia,Barranquilla,17/9/1986
998,Mayte Sacristán,callejaesteban@yahoo.com,Colombia,Barranquilla,11/1/1971
999,Haydée Nicolás Cifuentes,qgallo@murcia.com,Colombia,Bogotá,25/12/1992
1000,Reyes del Noriega,ymuro@yahoo.com,Colombia,Bucaramanga,7/4/1978