Nombre,Email,Pais,Ciudad,Fecha_cumpleaños
Albano Llopis Hierro,maitecalatayud@bonet.com,Colombia,Cali,1975-05-13
María Cristina Amor,cgimenez@lobo.es,Colombia,Medellín,1970-02-10
Rico Navarro,pintocleto@nunez-lamas.com,Colombia,Bucaramanga,1968-01-10
Ani Marcos Pardo,arroyogisela@mancebo.net,Colombia,Medellín,1978-06-13
Mercedes Patiño Cánovas,hugo41@hotmail.com,Colombia,Bogotá,1976-03-10
Jerónimo Pino Lerma,pia03@moles.org,Colombia,Medellín,1998-02-16
Cloe Valera Priego,juan-manuelchaparro@gmail.com,Colombia,Barranquilla,1999-04-24
Viviana Pujol Paredes,araceliuriarte@arevalo.com,Colombia,Cali,2005-11-02
María Bartolomé Plaza,qangel@hotmail.com,Colombia,Medellín,1967-04-30
Pili del Nieto,trinidad27@lago.com,Colombia,Barranquilla,1979-11-03
María Fernanda Flor,maria-belen28@abascal.com,Colombia,Cali,1980-06-16
Ambrosio de Bermúdez,wbayon@casas.com,Colombia,Bucaramanga,2000-10-22
Cloe Font Mesa,urbano87@gmail.com,Colombia,Bucaramanga,1963-11-21
Ainara Grau Giménez,barraljenaro@angulo.com,Colombia,Cali,2005-01-20
Clotilde Catalán Suárez,mramirez@caballero.es,Colombia,Bucaramanga,1987-07-05
Teresa Balaguer Cabello,znicolau@ibarra.net,Colombia,Bucaramanga,1988-03-28
Emilio Sevillano Iborra,dcabanas@alcolea.com,Colombia,Cali,1992-04-15
Toni Quero,reynaldoabril@lara-sanz.org,Colombia,Bucaramanga,1997-05-08
Calixta Falcó Martin,barreramariana@barcelo-ayllon.es,Colombia,Bogotá,1994-02-02
Teodoro Estevez Bayona,sanchocarretero@hoz.es,Colombia,Bogotá,1973-06-06
Dafne Lara Priego,zacarias51@sedano.com,Colombia,Medellín,1974-01-13
Dulce Cazorla,hidalgorafael@yahoo.com,Colombia,Medellín,1996-06-30
Mariano Sancho Ángel Aguiló,canizaresjuan-luis@gmail.com,Colombia,Cali,1997-03-06
Elías Luján Galvez,jacintalaguna@hotmail.com,Colombia,Bogotá,1962-12-27
Maximiliano Roda Lloret,mugicamaria-manuela@juarez.es,Colombia,Medellín,1960-03-10
Anselmo Company Araujo,titocastell@gmail.com,Colombia,Barranquilla,1962-03-31
Clementina Iborra Calderon,pcortes@gmail.com,Colombia,Cali,1961-03-21
Rafa Márquez Requena,feliciano16@sosa.net,Colombia,Barranquilla,1980-04-19
Dani de Ferrando,leon14@yahoo.com,Colombia,Barranquilla,1996-01-08
Albina Carlos Julián,antonio19@ojeda-mir.es,Colombia,Barranquilla,1998-10-08
Edu Arregui,vizcainoangela@hotmail.com,Colombia,Barranquilla,1988-11-17
Nazaret Murillo Mir,anunciacion46@quevedo-marques.com,Colombia,Bucaramanga,2004-10-11
Nicolasa Dávila Mascaró,mateuluciano@gmail.com,Colombia,Bucaramanga,1998-12-31
Morena Estrella Sola Sala,ariadnasaenz@hotmail.com,Colombia,Bogotá,1965-04-20
José Ángel Natanael Naranjo Bueno,jafet32@arteaga.es,Colombia,Cali,1987-09-25
Charo Plana-Urrutia,eusebioadan@gmail.com,Colombia,Medellín,1971-07-02
Jordana Ayllón,sastreeliseo@molins-salas.es,Colombia,Bogotá,1991-11-01
Dora Huertas Lluch,leonardosabater@gmail.com,Colombia,Bucaramanga,1978-01-08
Esther Berrocal Chacón,rodolfocorominas@gargallo.es,Colombia,Medellín,1991-03-28
Ana Gabaldón Rivera,pintoralbina@gmail.com,Colombia,Barranquilla,1986-01-26
Lupita Giménez Torrents,tristan70@navarrete-quiroga.com,Colombia,Medellín,2001-11-16
Alba del Amores,dcerda@ayllon.es,Colombia,Bogotá,1990-06-22
Evangelina Pinilla Lobo,perlita17@gmail.com,Colombia,Medellín,1974-10-16
Rosario Arjona Anguita,primitivaalmagro@corominas.es,Colombia,Cali,1974-05-13
Odalis Jaén Peinado,cespedesmaria@amigo.es,Colombia,Bucaramanga,1973-01-10
Manu Herrero Cal,armengolovidio@hotmail.com,Colombia,Cali,1984-09-30
José Luis Nogueira Alberola,bcamacho@yahoo.com,Colombia,Bogotá,1969-12-10
Carmen Vélez León,uruano@hotmail.com,Colombia,Bogotá,1976-03-27
Emilio Sanmartín Hervás,bnavarrete@yahoo.com,Colombia,Bucaramanga,1992-09-16
Galo Jordán,silvia94@hotmail.com,Colombia,Medellín,1972-07-13
Dionisio Ramos Torres,ctudela@buendia.net,Colombia,Barranquilla,1976-02-02
Natanael Luis Ángel Peinado Sáenz,wmuro@hotmail.com,Colombia,Cali,1980-05-25
David Carrillo-Fernández,estevegregorio@gmail.com,Colombia,Cali,1999-08-27
María Luna,manugordillo@escobar-mate.com,Colombia,Bogotá,1962-08-18
Leonel Manzano Cases,alberolaconsuela@yahoo.com,Colombia,Cali,1989-07-03
Catalina Aznar Iriarte,bassalvador@yahoo.com,Colombia,Bogotá,2002-05-13
Carlos Company Mateu,diegorico@gonzalez.es,Colombia,Barranquilla,1999-07-31
Encarnación Barrena Cabezas,juan-luisbertran@heredia.com,Colombia,Barranquilla,1987-05-01
Noemí Soriano Manuel,luisluna@santiago.org,Colombia,Medellín,1967-05-05
Coral de Larrañaga,barredafito@malo-saavedra.com,Colombia,Bucaramanga,1980-03-23
Elena Vall Uribe,arinotamara@yahoo.com,Colombia,Bucaramanga,1976-07-26
Artemio Granados Almansa,diezadoracion@hotmail.com,Colombia,Medellín,1971-11-18
Isa Téllez-Bou,sebastian55@hotmail.com,Colombia,Bogotá,1981-12-22
Nélida Valbuena Maldonado,sanzchus@yahoo.com,Colombia,Cali,1967-06-03
Teresa Vilar Abella,mballester@hotmail.com,Colombia,Medellín,1993-06-15
Pía Aznar Frutos,aureamaestre@yahoo.com,Colombia,Medellín,1961-06-30
Rosalía Dafne Cuadrado Mercader,obuendia@serrano.com,Colombia,Medellín,1979-05-24
Olalla Llano,psureda@yahoo.com,Colombia,Medellín,1972-07-02
Liliana Piedad Cerezo Baños,ynieto@hotmail.com,Colombia,Bucaramanga,1978-10-12
Silvio Lázaro Tovar Comas,vochoa@hotmail.com,Colombia,Barranquilla,1981-06-05
Paco Haro,robertareig@gmail.com,Colombia,Barranquilla,1991-09-19
Gabriela Cornejo Valbuena,animarmol@sacristan.es,Colombia,Barranquilla,1969-05-05
Tomasa Cortes Benavides,nilo96@hotmail.com,Colombia,Bogotá,2005-06-03
Fortunata del Torrents,guitartevangelina@madrigal.es,Colombia,Bucaramanga,2002-08-28
Iván Delgado Marí,moratanatividad@marcos.es,Colombia,Medellín,1976-02-24
Guiomar Escolano,cayetanopineiro@hernando.net,Colombia,Bogotá,1976-10-24
Dominga Agustí Sola,candelariosala@yahoo.com,Colombia,Bogotá,1988-05-28
Javier Matas-Flor,pcampillo@yahoo.com,Colombia,Cali,1979-08-31
Aitor Severino Priego Llobet,valdespepita@grau-ortuno.net,Colombia,Medellín,1976-08-02
Mauricio Caballero Ariza,laragones@yahoo.com,Colombia,Barranquilla,1979-08-13
Piedad Ribes Echevarría,miriampaz@valls.org,Colombia,Medellín,1979-08-13
Rosaura Cardona Solís,mariselagonzalez@puerta.es,Colombia,Cali,1996-01-17
Javi Pedrosa Juárez,candido37@gmail.com,Colombia,Bucaramanga,1974-08-06
Maximino Simó Matas,chavesartemio@gmail.com,Colombia,Barranquilla,1967-06-08
Desiderio Cerdá Pont,herminia86@hotmail.com,Colombia,Barranquilla,2004-02-06
Sigfrido Tovar Raya,pellicerisaac@yahoo.com,Colombia,Bucaramanga,1984-03-18
Olegario Pedrero Palmer,mllorente@sanz.net,Colombia,Medellín,1982-03-24
Bernardino de Bayona,odalisguijarro@coloma-acedo.org,Colombia,Bogotá,1996-04-17
Sabas Díaz-Canet,albinopalma@morante.com,Colombia,Bucaramanga,1968-02-27
Lucila Carballo Bartolomé,gparedes@hotmail.com,Colombia,Bogotá,1993-10-25
Marino de Vázquez,danguita@yahoo.com,Colombia,Bucaramanga,2006-03-22
Jose Luis Salcedo Beltrán,ema21@llopis.es,Colombia,Barranquilla,1995-08-21
Javi José Antonio Ros Cabezas,titosanmiguel@riba.es,Colombia,Cali,1966-01-01
Inmaculada Milla Jara,jacintasanchez@gmail.com,Colombia,Bogotá,1965-11-16
Ariadna Peralta Castillo,herminia16@rocha-aznar.org,Colombia,Medellín,1966-08-01
Lilia Garcia-Cortes,rebecacampoy@yahoo.com,Colombia,Barranquilla,1978-06-27
Coral Romeu-Amo,escribanoleandro@hotmail.com,Colombia,Bogotá,1983-06-02
Cipriano Clemente Pérez,manuanglada@garrido.es,Colombia,Cali,1970-03-30
Esperanza Morata Blazquez,faustoayala@bilbao.es,Colombia,Cali,1989-08-12
Elena Garriga Vila,tito14@torrecilla.com,Colombia,Cali,2000-04-25
Abraham Fuente Mata,maria-cristinajaume@mosquera-carretero.com,Colombia,Bucaramanga,1988-11-01
Berto Pinto Grau,puertarosalva@hotmail.com,Colombia,Medellín,1960-10-21
Águeda Bermejo Millán,srios@gmail.com,Colombia,Bucaramanga,1981-08-19
Salvador Seguí Paredes,pcamacho@perez-zamora.com,Colombia,Barranquilla,1982-08-20
Flavio de Benito,vicentaolmedo@coloma-guzman.com,Colombia,Cali,1972-12-15
Marcial Coronado Benet,wsimo@sanchez.com,Colombia,Medellín,1991-06-11
Melania Mateo Llobet,anunciacion14@sans-arellano.com,Colombia,Medellín,1964-10-02
Marino Vendrell Planas,sandovalvioleta@hotmail.com,Colombia,Bogotá,2000-09-13
Leyre Contreras Barrio,nunezlidia@gmail.com,Colombia,Bogotá,1976-05-22
Isabel Zamora Yáñez,ramon46@neira-badia.es,Colombia,Bucaramanga,1965-12-17
Nidia del Luz,nazariobertran@hotmail.com,Colombia,Medellín,1980-08-22
Belén Blazquez Menendez,odalis28@gmail.com,Colombia,Bucaramanga,1984-02-26
Gerardo Mendizábal Escribano,maria-dolores73@cervantes.com,Colombia,Bogotá,1966-05-31
Regina Zurita,sarita92@penas.com,Colombia,Bogotá,1989-04-25
Hernán Pastor Gámez,marina73@hotmail.com,Colombia,Bucaramanga,1991-06-13
Gerónimo Saez,mayte68@hotmail.com,Colombia,Barranquilla,1973-02-13
Bernardita Trini Ibáñez Azorin,casandra18@gmail.com,Colombia,Bucaramanga,1970-06-10
Jafet Vilanova-Colom,gironaolga@yahoo.com,Colombia,Medellín,1987-10-07
Hector Vallés Pereira,xbilbao@anaya.com,Colombia,Cali,1969-06-21
Alejo Madrid Sureda,nsanabria@bernad.org,Colombia,Medellín,1996-11-16
Lucía Ileana Cantero Maldonado,domingo03@sebastian-barros.com,Colombia,Bucaramanga,1996-01-04
Maximiano Villalba Herranz,timoteo09@hernandez-riera.com,Colombia,Medellín,1984-01-26
Juan José Vera Vera,csoriano@pombo.com,Colombia,Barranquilla,1964-02-17
Dalila Calleja Márquez,ortunocarina@diez-sobrino.es,Colombia,Cali,1968-09-15
Pepito Seco Arco,armandoflores@gmail.com,Colombia,Barranquilla,1994-08-08
Sabina Sáenz Isern,luchopalau@marmol.com,Colombia,Bucaramanga,1986-10-02
Visitación Pomares Nicolau,xvalencia@lasa.com,Colombia,Barranquilla,1971-10-24
Emilia del Calderon,gertrudis44@rojas-diaz.es,Colombia,Barranquilla,1962-05-31
María Luisa Royo Llobet,ramisprudencio@cuesta.es,Colombia,Bogotá,1964-02-09
Roque del Paredes,corraliris@yahoo.com,Colombia,Bogotá,1989-09-28
Luciano Cervantes Ávila,pmiralles@yahoo.com,Colombia,Bogotá,1961-04-18
Josep Villaverde Pombo,matilde47@machado.es,Colombia,Medellín,1968-10-07
Jaime Duque Salgado,guadalupe51@manrique.com,Colombia,Bogotá,1974-10-16
Cornelio Chamorro Guzmán,paniaguacasandra@hotmail.com,Colombia,Bogotá,1997-01-26
Mariano Boix Bastida,htejero@yahoo.com,Colombia,Bogotá,1964-07-20
Federico Benavent Sandoval,eduardo89@gmail.com,Colombia,Barranquilla,1993-10-01
Severo Casanova Villegas,fidel25@gomis.org,Colombia,Medellín,1972-11-21
Eli de Mateo,doracorrea@nebot.com,Colombia,Cali,1962-08-16
Dulce Galvez-Riera,pmanjon@tomas-hierro.es,Colombia,Medellín,1964-06-30
Cayetano Sabater Ricart,vfrias@hotmail.com,Colombia,Barranquilla,1981-04-05
Gloria Castrillo Pellicer,jose-antonio71@sancho-huguet.com,Colombia,Cali,1979-04-13
Teresa Ripoll Hurtado,crescencia53@valentin.es,Colombia,Bogotá,1993-05-18
Artemio Pozuelo Vega,ildefonsoosorio@gmail.com,Colombia,Bogotá,1993-03-17
Vera Soledad Sosa Macias,rosaeloy@paz-quintana.es,Colombia,Barranquilla,1963-01-05
Mar Ferreras-Pareja,pomaresanna@yahoo.com,Colombia,Medellín,2005-10-31
Azahara Belen Caballero Prada,celestina52@gmail.com,Colombia,Medellín,1962-04-09
Alejo Cerro Mínguez,mcompany@hotmail.com,Colombia,Medellín,2001-04-01
Candelas Pozo Martínez,emari@gmail.com,Colombia,Medellín,2005-05-20
Horacio Mena Amor,gabriela99@gmail.com,Colombia,Medellín,1992-03-23
Juan Francisco Pinto Coloma,canetgraciano@sainz.es,Colombia,Barranquilla,2006-07-09
Hernán Valls,cerveraaurelia@gmail.com,Colombia,Cali,1992-01-31
Florina Mir,inoriega@lamas-tome.net,Colombia,Medellín,1997-07-05
Daniel Eustaquio Malo Galan,alexandra58@hotmail.com,Colombia,Barranquilla,1967-10-29
Nicolasa Pino-Prat,luis-angelarnal@yahoo.com,Colombia,Bogotá,1989-08-20
Raúl Tello-Gargallo,chita42@heras.com,Colombia,Bucaramanga,1975-05-18
Aureliano Reyes Murillo,cervantesadelardo@hotmail.com,Colombia,Bucaramanga,2003-12-17
Judith Flores Madrigal,flavia01@hotmail.com,Colombia,Cali,1962-01-26
Horacio Echeverría Arce,vestrada@yahoo.com,Colombia,Bucaramanga,1979-11-02
María Cristina Campo-Naranjo,fzamora@gmail.com,Colombia,Cali,1972-08-26
Fito Cámara Segarra,albertonavas@yahoo.com,Colombia,Bogotá,2001-02-08
Sarita Roma Villalba,perezhaydee@gmail.com,Colombia,Bogotá,1992-01-09
Diana Agudo Julián,victorianolasa@yahoo.com,Colombia,Bogotá,1998-07-07
Eladio Palomares Guzman,solanamarino@ramirez.org,Colombia,Cali,1979-08-11
María Luisa Giner Gilabert,dcoronado@pereira.net,Colombia,Bucaramanga,2000-01-29
Juan José Salom Álvarez,caparrosbernabe@hotmail.com,Colombia,Medellín,1996-01-19
Celestino Mosquera Viña,fuertesliliana@hotmail.com,Colombia,Cali,1994-04-06
Rufina Baquero Santana,ksaura@sevilla.org,Colombia,Bogotá,1976-11-05
Ramón Gibert Beltran,socana@barrena.es,Colombia,Barranquilla,1987-05-10
Rodrigo Cerdá Rivera,ysanabria@yahoo.com,Colombia,Medellín,2004-07-25
Benita del Carrasco,iangel@gisbert.org,Colombia,Cali,1996-07-31
Luisina Pinilla Gras,joliva@fabregat-carbajo.com,Colombia,Barranquilla,1960-08-05
Cristian de Cabrero,patienza@arregui.net,Colombia,Medellín,1963-05-16
José Mancebo Guillén,jordi42@hotmail.com,Colombia,Bogotá,1979-12-24
Américo Díez-Roldán,ocanafernanda@hotmail.com,Colombia,Cali,1995-03-22
Obdulia Rico Real,renato28@hernando-gomis.org,Colombia,Bucaramanga,1991-01-15
Lisandro Rey Riera,qherrero@murillo.com,Colombia,Bucaramanga,1965-10-28
Paloma de Aznar,eariza@gmail.com,Colombia,Cali,1973-09-29
Encarnacion Alcántara Galán,tejeroyaiza@fuente.net,Colombia,Bucaramanga,1978-10-17
Josefa Palomar Mendez,armida77@gmail.com,Colombia,Barranquilla,1981-04-28
Gil Milla,giraltmanuela@gmail.com,Colombia,Bucaramanga,1997-03-08
Marina Rios-Marquez,narcisograu@hoyos-valera.es,Colombia,Bucaramanga,1992-10-12
Jimena Diéguez Ortuño,lolatorres@barral.com,Colombia,Bucaramanga,1962-10-31
Hilario Cervantes Guardia,agapitogil@sarmiento.es,Colombia,Bogotá,1959-12-25
Mamen del Albero,blanca40@ros.com,Colombia,Bucaramanga,1972-08-04
Lucila Dolores Pablo Lastra,pereasantiago@yahoo.com,Colombia,Bogotá,1974-11-25
Octavio Severiano Berrocal Angulo,ypinilla@tamarit.com,Colombia,Bogotá,1989-01-21
Marcia Bustos Álvarez,hectortalavera@artigas-benavente.org,Colombia,Bogotá,1980-12-06
Cristóbal Cobos Puig,fermin93@porcel.com,Colombia,Cali,1983-01-25
Augusto Ruiz Guerra,elodia99@morera-andreu.org,Colombia,Bogotá,1975-01-21
Manola Perez Rosales,xboada@marquez.com,Colombia,Cali,1985-05-22
Rafael Porras Moliner,bravoadelardo@yahoo.com,Colombia,Bogotá,1977-11-21
Blas Bonet Exposito,avila@gmail.com,Colombia,Cali,1983-08-13
Araceli del Plaza,severiano61@herrero.es,Colombia,Barranquilla,1977-10-31
Eloy Jose Manuel Coello Barroso,allorente@tome-benitez.es,Colombia,Medellín,2002-01-24
Martirio Ferrán Seco,marcoagudo@marquez-pinto.es,Colombia,Barranquilla,1988-11-01
Bernarda Emperatriz Montes Font,galo65@yahoo.com,Colombia,Cali,1976-01-11
Florina Lozano Pozo,folchdora@hotmail.com,Colombia,Barranquilla,1996-12-18
Prudencio Serrano Gallego,paz16@hotmail.com,Colombia,Bucaramanga,2002-08-18
Dionisio Edmundo Correa Rocha,sanchezelba@yahoo.com,Colombia,Bucaramanga,1994-01-02
Macaria Arco Palomares,hurtadogema@padilla.es,Colombia,Bogotá,1988-10-28
Adelardo Cabello Jordán,victor-manuelperello@sierra-vall.com,Colombia,Barranquilla,1992-05-20
Eusebio Ricart Boada,pablomesa@sarabia-gabaldon.es,Colombia,Bucaramanga,1966-03-05
Palmira Santamaria Montaña,arsenio10@canales-cordoba.net,Colombia,Cali,1970-06-06
Manuelita Roldan Sevilla,lespinosa@rosell.net,Colombia,Bucaramanga,1988-10-05
Adela Garmendia Fuster,calnerea@hotmail.com,Colombia,Medellín,1981-09-18
Jenaro Carbonell,oalamo@yahoo.com,Colombia,Bogotá,1986-03-30
Aurora Oliveras-Ortiz,odalysmartorell@hotmail.com,Colombia,Bogotá,1968-08-24
Azahara Gómez Mayoral,raulcid@pont.es,Colombia,Cali,1992-08-25
Nélida de Diaz,enrique25@yahoo.com,Colombia,Medellín,1960-03-08
Bernarda Ferrero Plana,atellez@hotmail.com,Colombia,Barranquilla,1970-11-30
Lorenzo Anguita Giménez,llobetjafet@hotmail.com,Colombia,Bogotá,1990-08-26
Perlita Valbuena-Vicente,lealmatilde@pedraza.net,Colombia,Barranquilla,2004-01-06
Eustaquio de Sandoval,rosalva17@gmail.com,Colombia,Bogotá,1999-07-16
Teodora Roman Daza,odalysgabaldon@orozco.org,Colombia,Bucaramanga,2007-06-11
Espiridión Luciano Lastra Vilar,maricelareina@lluch.com,Colombia,Bucaramanga,1969-06-25
Saturnina Huertas Pozo,crescencialeiva@hotmail.com,Colombia,Bucaramanga,1990-04-16
Maximiliano Buendía Quintana,walter75@hotmail.com,Colombia,Bucaramanga,1965-11-14
Mercedes Palma Barroso,timoteogalan@yahoo.com,Colombia,Medellín,1978-10-30
Maite Castrillo Toro,arteagaconrado@hotmail.com,Colombia,Bogotá,1967-12-26
Isidro Sastre Abascal,jennifercatalan@hotmail.com,Colombia,Cali,1978-03-06
Nacio Palomo Ibáñez,graciana20@mayoral-guillen.es,Colombia,Bogotá,1966-01-03
Custodio Tapia Bermejo,aureliasalgado@aguilo.es,Colombia,Medellín,2006-10-05
Jorge Belda Granados,calatayudcristian@yahoo.com,Colombia,Barranquilla,1968-11-11
Remedios Cañas Clavero,cordobavalerio@garces-cordero.es,Colombia,Medellín,1965-06-06
Buenaventura Casal Plana,ymiranda@gmail.com,Colombia,Cali,2003-05-26
Edelmiro López Amor,auravergara@gmail.com,Colombia,Cali,2003-07-03
Ruben Heras Uría,hernandoangelina@hotmail.com,Colombia,Barranquilla,1960-05-08
Ester Catalán Pombo,carina27@gmail.com,Colombia,Barranquilla,1964-02-16
Eleuterio Garriga Ariño,svelazquez@vallejo.es,Colombia,Barranquilla,1996-01-17
María Manuela de Lobato,cayetano83@morillo.com,Colombia,Bogotá,1989-04-20
Ambrosio de Boix,santanaemma@hotmail.com,Colombia,Barranquilla,2004-11-09
Benito Alberola Cervantes,anabeloliver@villar.es,Colombia,Bucaramanga,1977-10-27
Rogelio Andreu Naranjo,azucena14@hotmail.com,Colombia,Medellín,1990-07-05
Fernanda Baquero,quirinocriado@yahoo.com,Colombia,Bucaramanga,2005-05-28
Danilo Verdú Acedo,hidalgoarturo@pascual-pinol.com,Colombia,Bogotá,1997-02-25
Consuelo Montserrat Hurtado,kike19@yahoo.com,Colombia,Bogotá,2005-05-08
Chuy Godoy Villalobos,dbayon@mercader-moran.com,Colombia,Bucaramanga,1984-08-20
Esteban Mateu,lpedrosa@ferran-higueras.com,Colombia,Medellín,1961-02-27
Kike del Agustí,penalverreina@hotmail.com,Colombia,Medellín,1973-06-30
Cándida Rivas,cisnerosleonor@yahoo.com,Colombia,Barranquilla,1975-04-14
Haydée Perales,bustosanselma@gmail.com,Colombia,Bogotá,1999-10-23
Ana Royo-Castrillo,juan-carlos56@morera.org,Colombia,Cali,1973-04-29
Rosario Canales Cortés,viniciosolano@ramos-carrillo.es,Colombia,Cali,1980-07-06
Dulce Carretero Botella,pascuala90@mosquera.com,Colombia,Cali,1986-06-30
Amarilis Martínez,americoquiroga@yahoo.com,Colombia,Barranquilla,1990-12-22
Samu Chaves Carrión,gironeladio@perez.com,Colombia,Bogotá,1961-01-05
Conrado Salcedo Castells,donato07@dieguez.es,Colombia,Medellín,1961-07-15
Nilda Roldan Duque,violetaexposito@yahoo.com,Colombia,Bogotá,1969-08-24
Marino Hoyos Marquez,dtello@gmail.com,Colombia,Cali,1968-11-14
Chus Zaragoza Ibañez,epalomar@tormo.es,Colombia,Barranquilla,1971-10-08
Feliciano Gilabert Andreu,suarezbenita@yahoo.com,Colombia,Bogotá,1966-05-06
Nando de Larrea,coralpont@duran-echeverria.net,Colombia,Barranquilla,2007-01-02
Zaira Anaya Ortiz,piedadugarte@mendizabal.com,Colombia,Barranquilla,1975-05-12
Constanza Ainara Zurita Tejedor,yessica93@nino.com,Colombia,Cali,1961-01-08
Lázaro Cifuentes Cantero,pereirajulie@hotmail.com,Colombia,Bucaramanga,1966-05-29
Encarna Mora Cerezo,ptorrens@davila-palacios.net,Colombia,Cali,1980-05-30
Bernardo Chus Abellán Posada,eligiamonreal@giner.com,Colombia,Bucaramanga,1964-10-28
Fulgencio del Diez,victoriano04@iborra.com,Colombia,Barranquilla,1966-11-19
Amado Polo Ríos,soledadriba@yahoo.com,Colombia,Bogotá,1996-09-08
Armida Tello Gomis,zbeltran@marino.es,Colombia,Medellín,1964-07-31
Carlota Perez Cuevas,neiradorotea@tolosa.com,Colombia,Barranquilla,1963-03-06
Fito Fuertes Falcón,gertrudis44@gmail.com,Colombia,Medellín,1986-04-08
Malena Tudela-Corral,abraham61@tenorio-flores.com,Colombia,Bogotá,1971-02-27
Apolinar Jordi Carlos Mendez,qtorrijos@yahoo.com,Colombia,Bucaramanga,1996-07-23
Catalina Peláez Pizarro,victor-manuelarribas@yahoo.com,Colombia,Cali,1977-06-15
Silvio del Barrio,boadaguiomar@riba-gordillo.com,Colombia,Cali,1988-01-08
Noelia del Gutiérrez,cayetano60@hotmail.com,Colombia,Medellín,1990-02-01
Celso Galán Fernández,rodacayetano@rozas.org,Colombia,Medellín,1964-02-03
Guillermo Puerta Moreno,yalberola@hotmail.com,Colombia,Medellín,1987-09-26
Candelario Cabrera Camacho,rufina85@laguna-pinol.es,Colombia,Bogotá,1971-04-02
Heriberto Cobo-Querol,smunoz@aviles.es,Colombia,Cali,1960-11-27
Salomé Mateo Mercader,ocabello@gmail.com,Colombia,Bucaramanga,1989-09-07
Edelmira Riera Borrell,agalvan@tormo.com,Colombia,Barranquilla,1980-09-14
Graciana Cerdá,guadalupefont@ibanez.es,Colombia,Cali,2007-06-25
Emigdio Pedrosa,rcasals@gmail.com,Colombia,Bogotá,1992-10-16
Itziar Carmen Sánchez Olmo,pilarjordan@hotmail.com,Colombia,Bucaramanga,1961-05-26
Amarilis Cánovas Gargallo,inesgabaldon@recio-vilanova.com,Colombia,Bucaramanga,1968-07-14
Marcelo Aguirre Goicoechea,leticia46@yahoo.com,Colombia,Bucaramanga,1976-09-05
Joan Matas,aguileraariadna@hotmail.com,Colombia,Bucaramanga,2003-08-01
María Fernanda Elisabet Martín Campoy,navarreteleonel@hotmail.com,Colombia,Medellín,1977-04-20
Ciríaco Carlito Villar Hernandez,rmontenegro@amigo.es,Colombia,Cali,1988-01-06
Gala Aranda Falcó,itziartamarit@hotmail.com,Colombia,Medellín,1979-12-17
Sosimo Escrivá Marin,vcastellanos@espana-narvaez.com,Colombia,Barranquilla,1974-09-23
Humberto Rufino Muñoz Peral,abigail17@gmail.com,Colombia,Cali,1972-10-08
Azeneth Pizarro,jbalaguer@gmail.com,Colombia,Bucaramanga,1987-05-18
Virginia Seco-Clemente,melaniaberrocal@yahoo.com,Colombia,Barranquilla,1971-07-25
Melisa Barco Acuña,hugo29@gmail.com,Colombia,Cali,1965-07-10
Marino Roura Román,ytejada@gmail.com,Colombia,Barranquilla,1973-02-06
Adoración Montserrat Farré,ibarrajaime@ocana.com,Colombia,Bucaramanga,1999-08-04
Celso Anacleto Arroyo Martí,mvina@hotmail.com,Colombia,Bogotá,2006-04-08
Francisco Javier Trillo Palomar,victoriaquintanilla@gracia.com,Colombia,Bucaramanga,1961-01-08
Ligia Dominguez-Casal,perezsarita@hotmail.com,Colombia,Bogotá,1995-12-02
Amanda Martirio Asensio Campoy,carmonasigfrido@pinto-casals.org,Colombia,Bucaramanga,1969-12-13
Ovidio Agustí,qcabrero@hotmail.com,Colombia,Medellín,2000-09-29
Hugo Calvo Vidal,danilo17@folch.net,Colombia,Bogotá,1987-06-01
Cecilio Alex Valderrama Galiano,joel00@hotmail.com,Colombia,Cali,1998-08-08
Brígida Bosch Vidal,jaenfidela@saura.org,Colombia,Bogotá,1966-04-28
Ulises Ariza Manso,teodosio11@gmail.com,Colombia,Medellín,2004-09-02
Fidel Pallarès Río,peraltaofelia@yahoo.com,Colombia,Barranquilla,1986-10-21
Jessica Llabrés Pol,hdiaz@gmail.com,Colombia,Cali,1966-08-03
Zaida Tolosa Ríos,npalmer@castrillo.es,Colombia,Cali,1989-07-09
Amílcar Jurado Miralles,haydeeneira@zabala.net,Colombia,Barranquilla,2004-09-11
Brígida Ballester Alberdi,kvalcarcel@tur.net,Colombia,Cali,1962-12-16
Consuelo Pinedo,cayetanosegovia@yahoo.com,Colombia,Barranquilla,1993-06-14
Estela Carrera Valencia,quintanillaseve@abad.org,Colombia,Bucaramanga,2005-03-23
Evita Parra Ballester,jmarmol@suarez.com,Colombia,Barranquilla,2004-05-15
Abel del Padilla,judith10@gmail.com,Colombia,Bogotá,1987-05-18
Edu Ferrández Expósito,dgarriga@neira.es,Colombia,Cali,2005-04-09
Beatriz Sanjuan-Sebastián,hacosta@atienza.com,Colombia,Medellín,1968-04-07
Guillermo Montserrat Varela,rhurtado@yahoo.com,Colombia,Bogotá,1990-05-07
Bruno Rey Vila,leonor83@gmail.com,Colombia,Bogotá,1979-04-22
Águeda Cazorla Enríquez,ortunochita@yahoo.com,Colombia,Cali,1995-11-12
Valentín Teo Rocamora Alberto,piquerespiridion@barbero.org,Colombia,Bucaramanga,2006-01-13
Camilo Barrios-Marquez,palmerodalys@calatayud-gomez.es,Colombia,Medellín,2006-11-26
Osvaldo Nazaret Arévalo Pizarro,jmilla@gmail.com,Colombia,Bogotá,1976-08-20
Martín Salazar,marisol98@ferrandiz.es,Colombia,Bogotá,1964-08-06
Chema Vilaplana Carreras,romeroleon@hotmail.com,Colombia,Medellín,1970-06-25
Soraya Jara-Adán,ccortina@gmail.com,Colombia,Bucaramanga,1962-12-29
Soledad Nadia Mascaró Trujillo,mollbegona@gmail.com,Colombia,Cali,1964-03-03
Candela Ricart,olmedoismael@gmail.com,Colombia,Bogotá,1984-01-31
César Renato Taboada Agullo,victor-manuel39@hervas.es,Colombia,Bogotá,1976-12-28
Paloma del Amat,ctorrecilla@yahoo.com,Colombia,Bucaramanga,1994-07-02
Atilio Diego Aguilera,herminiagarces@rodrigo.es,Colombia,Medellín,2006-03-20
Albano Segovia Mármol,beltranbaltasar@infante.com,Colombia,Barranquilla,1987-04-09
Javiera Quiroga Roselló,porrasignacia@gmail.com,Colombia,Cali,2001-08-11
Reyes Arroyo Belmonte,manjonmiriam@hotmail.com,Colombia,Cali,1965-06-02
Roberto Isidoro Pizarro Prats,icrespi@cerezo.es,Colombia,Bucaramanga,1969-05-03
Nilo Vicente Perea Alba,arnaizadelardo@prado.net,Colombia,Medellín,1987-08-12
Bibiana Cuevas,encarnitairiarte@carbo.com,Colombia,Bucaramanga,1996-12-07
Espiridión Bautista Iglesia,lucilatorrens@palau-castellanos.net,Colombia,Barranquilla,2001-09-09
Vinicio Ferrer Moll,nmoya@hotmail.com,Colombia,Barranquilla,1999-04-14
Lorenzo Pastor Molina,adalbertomillan@gmail.com,Colombia,Medellín,2003-02-21
Eliana Palomares Cañizares,csevillano@yahoo.com,Colombia,Medellín,1997-01-26
Chucho Bilbao Lozano,juan-josebenito@benet.com,Colombia,Bucaramanga,1999-09-07
Wilfredo Arco,xcomas@yahoo.com,Colombia,Medellín,1999-08-27
Bonifacio Jesús Vallejo Vicens,gpascual@haro.com,Colombia,Bogotá,1970-05-14
Lorenzo Coll Tomás,gilabertmaria@yahoo.com,Colombia,Cali,1977-07-09
Cruz Arnau Gabaldón,dsoria@gmail.com,Colombia,Medellín,1981-08-01
Pastor Vázquez Llanos,renatopinedo@yahoo.com,Colombia,Medellín,1976-08-26
Yésica Gisbert Villalonga,olga57@yahoo.com,Colombia,Medellín,1968-12-27
Caridad Grau Benítez,eutimioestevez@gmail.com,Colombia,Bogotá,1967-08-02
Hipólito del Carballo,ntello@hotmail.com,Colombia,Barranquilla,1987-06-29
Domingo Aroca Castell,evavila@collado.com,Colombia,Barranquilla,1994-09-09
María Belén Alfonso Luque,vidalsoto@donaire-gimenez.es,Colombia,Cali,1999-03-07
Mateo Vicente Lamas,agata79@bayona.es,Colombia,Cali,1960-08-28
Juan Carlos Varela,eloisabarcena@gmail.com,Colombia,Bucaramanga,2000-05-07
Valentín Vaquero Carpio,mcastillo@abella.es,Colombia,Barranquilla,2007-01-03
Inés Grande,lordonez@hotmail.com,Colombia,Bogotá,1968-08-22
Jorge Guerrero-Blanes,mjimenez@gmail.com,Colombia,Bucaramanga,1995-02-02
Juan Bautista Aguilar Perez,sebastian51@rojas.org,Colombia,Bogotá,1988-05-09
Flavia Llorens-Puerta,ltolosa@tomas-izaguirre.org,Colombia,Medellín,1986-08-16
Teófilo Carrera Gras,corneliogarmendia@hotmail.com,Colombia,Medellín,1982-07-24
María Luisa de Cuevas,boupalmira@gmail.com,Colombia,Cali,1989-02-27
Amílcar Jódar Girona,arellanolourdes@yahoo.com,Colombia,Bogotá,2004-03-08
Eloísa Barceló,asaavedra@villegas.net,Colombia,Medellín,2000-04-30
Lorena Guardiola,palomaresjorge@abad.org,Colombia,Barranquilla,2005-02-06
Graciela Fonseca Villaverde,boschcarmela@oliveras-olivera.org,Colombia,Barranquilla,1972-10-07
Íngrid Quintero Acuña,santosvelasco@gmail.com,Colombia,Cali,1979-07-22
Azahar Vilanova Jiménez,kpi@yahoo.com,Colombia,Bucaramanga,1982-08-24
Nieves Serna Amorós,jordaborja@yahoo.com,Colombia,Medellín,2007-03-31
Salomón del Revilla,lagojose-ramon@yahoo.com,Colombia,Bogotá,2005-05-17
Angelita Escalona Tamayo,isaias94@gmail.com,Colombia,Bucaramanga,1973-02-12
Quirino de Lara,hermenegildoiborra@palacio.com,Colombia,Bogotá,2004-09-04
María Luisa Agudo Arnal,estela57@hotmail.com,Colombia,Bucaramanga,1971-12-23
Elisa Puga,baltasarzaragoza@tejera-antunez.es,Colombia,Barranquilla,1971-06-05
Azeneth Villegas Seguí,alberoileana@gmail.com,Colombia,Cali,1966-05-22
Fidela Jover Exposito,julio-cesarsoto@hotmail.com,Colombia,Bucaramanga,1972-01-18
Imelda Galvez Rius,ricarda64@yahoo.com,Colombia,Bogotá,1968-06-15
Noelia Granados-Cabo,catalinarosell@yahoo.com,Colombia,Cali,1969-09-16
Rosenda Agustí Egea,ocanizares@hotmail.com,Colombia,Bucaramanga,1992-08-24
Edgardo Lisandro Asenjo Puig,benitogarriga@tamayo-barcena.es,Colombia,Medellín,1984-02-04
Manuelita Jiménez Núñez,wcarrion@flor.es,Colombia,Barranquilla,1994-04-08
Remedios Salvador Bermudez,abigail22@hotmail.com,Colombia,Cali,2002-06-28
Marianela Graciela Bellido Bernad,javier55@manuel.org,Colombia,Bucaramanga,1984-03-30
Loreto Sanjuan-Riba,ricardaalvarado@guitart.org,Colombia,Medellín,1970-11-21
Aroa Bustos Bartolomé,amomaria-manuela@yahoo.com,Colombia,Bucaramanga,1977-05-23
Calixta Anselma Porta Mendoza,malenaluz@cases-castro.com,Colombia,Barranquilla,2004-09-07
Teodora Morell Tamayo,carlota72@hotmail.com,Colombia,Cali,2000-03-13
Melania Royo Zabaleta,alma83@gmail.com,Colombia,Medellín,1984-06-03
Dorita Cortés Mateos,zabalaofelia@nunez.es,Colombia,Medellín,1993-01-03
Emperatriz Agullo Ros,natividadaguilar@hotmail.com,Colombia,Bucaramanga,1987-07-20
Isa del Iborra,opineda@bernad-roca.net,Colombia,Bucaramanga,2003-08-29
Rufina del Rey,esparzaelias@cano-sarabia.es,Colombia,Bogotá,2001-11-28
Cecilia Montes Aliaga,alonsogilberto@lujan.com,Colombia,Medellín,1960-02-02
Artemio de Alcolea,octaviorivera@yahoo.com,Colombia,Bucaramanga,1991-01-31
Fito Bernat Coll,maura61@soriano.org,Colombia,Bogotá,1967-10-31
Guadalupe del Huertas,edgarburgos@galindo.org,Colombia,Bogotá,2002-05-06
Ramón Viñas Carvajal,mmartin@yahoo.com,Colombia,Bucaramanga,1974-05-09
Desiderio Rovira Morata,narcisallorente@carretero.com,Colombia,Barranquilla,2006-07-15
Noemí Cortina Pera,faustovalero@nevado.com,Colombia,Bucaramanga,2003-05-24
Pascual Campo Casas,maximilianoolivera@yahoo.com,Colombia,Bogotá,2006-06-08
Felisa Cañizares Iglesia,jrio@trillo-falco.com,Colombia,Cali,1991-05-29
Toño Cueto-Bayón,qmarques@pedraza.es,Colombia,Medellín,2001-09-14
Renata Haro Montes,hfalco@valencia.es,Colombia,Barranquilla,1981-06-11
Atilio Zabala Batlle,gasparangulo@campo.net,Colombia,Medellín,1998-05-22
Máxima Trillo Zaragoza,pazosismael@hotmail.com,Colombia,Barranquilla,1973-09-26
Áurea Bernal Solé,celestina65@barragan.com,Colombia,Cali,1964-11-01
Juan Antonio Caballero,bernarditapol@ferrando.net,Colombia,Barranquilla,1997-07-06
Piedad Camacho Palma,kcalvet@gmail.com,Colombia,Bucaramanga,1982-07-01
Juanito Salazar Ortuño,ramona56@hotmail.com,Colombia,Bucaramanga,1981-07-17
Dalila Marcela Gargallo Perez,victor76@gmail.com,Colombia,Barranquilla,2000-01-27
Juan Antonio Cepeda Matas,ivan35@llorente.com,Colombia,Bogotá,1990-11-10
Calixta Chacón Landa,joanjaen@yahoo.com,Colombia,Bucaramanga,1986-09-27
África Gelabert-Berenguer,fduran@hotmail.com,Colombia,Bogotá,2003-03-28
Alejo Pío Pizarro Bermudez,pablo66@gonzalez.com,Colombia,Medellín,1980-04-09
Alondra Montaña,ani32@pozo.com,Colombia,Bogotá,1979-04-02
Brunilda Catalán Navarrete,javiles@jauregui-blazquez.es,Colombia,Bucaramanga,2007-01-08
Rico Cepeda Terrón,pprats@ferrandez.net,Colombia,Bogotá,1988-10-18
Noa Borrás Capdevila,wpavon@gmail.com,Colombia,Cali,1999-12-11
Rogelio Mayol Dominguez,ccoello@gmail.com,Colombia,Medellín,2006-03-03
Calixta Boada Capdevila,estelacoloma@alcala-nunez.com,Colombia,Cali,1991-08-06
Fito Gallart Galán,carlota79@cid.com,Colombia,Medellín,1963-08-16
Cornelio Ruperto Linares Baena,batlleroman@hotmail.com,Colombia,Barranquilla,2004-06-13
Teresa Campos Aliaga,yguardia@hotmail.com,Colombia,Cali,1992-07-06
Luisina Anunciación Estrada Flor,arinojose-miguel@hotmail.com,Colombia,Bucaramanga,1992-11-14
Petrona Crespo Alfaro,pedro43@hotmail.com,Colombia,Barranquilla,1963-10-02
Valentín Pombo-Andreu,evaristonoguera@yahoo.com,Colombia,Cali,1985-07-16
Nidia Gordillo,constanzacorominas@yahoo.com,Colombia,Bogotá,1981-12-09
Macarena Catalá Gabaldón,rosaliacervera@zabaleta-cepeda.es,Colombia,Bucaramanga,1997-12-20
Federico Bauzà Carrasco,primitiva20@riba-reina.org,Colombia,Bogotá,2002-11-13
Carlos Expósito-Campillo,amanciolasa@gual.com,Colombia,Bogotá,2006-05-11
Benita Vallés Somoza,reyesponce@yahoo.com,Colombia,Bogotá,1970-09-04
Daniel Antúnez,lermaseve@gmail.com,Colombia,Cali,1973-06-14
Chus Saavedra Trillo,bhuerta@yahoo.com,Colombia,Barranquilla,1985-06-01
Georgina Zapata Arenas,csaura@villena.es,Colombia,Medellín,1985-11-22
Ramona Avilés,valerio64@serra-delgado.es,Colombia,Barranquilla,1963-03-30
Yaiza Cisneros,ubotella@hotmail.com,Colombia,Bogotá,1999-05-16
Bernarda del Reyes,lamaya@yahoo.com,Colombia,Bucaramanga,1965-09-01
Felix Céspedes-Casals,sanchofabiana@blazquez-zabaleta.es,Colombia,Bucaramanga,1996-12-24
Amada Donaire Naranjo,rupertacoca@aznar.org,Colombia,Cali,1989-11-24
Matías Cipriano Carpio Catalá,isernalbano@valenciano-valenzuela.com,Colombia,Bucaramanga,1974-04-16
Mónica Tamarit-Santiago,mbernad@hotmail.com,Colombia,Cali,1996-10-11
Martín Galiano-Avilés,bartolomeoller@codina.org,Colombia,Bogotá,1962-11-13
Horacio Escalona Cuéllar,xavierpalomino@gmail.com,Colombia,Bucaramanga,1979-11-25
Flor Pinilla Bauzà,marcoadriana@gmail.com,Colombia,Bucaramanga,1978-03-16
Lucila Riba Zamorano,emmabarragan@angel.es,Colombia,Medellín,2000-12-17
Dora Zaragoza Otero,uvizcaino@valenciano.net,Colombia,Bucaramanga,1959-08-22
Albano Sola Carranza,criba@olmo-garay.com,Colombia,Bogotá,1978-09-11
Ruperto Bauzà-Mena,maria-fernanda01@hotmail.com,Colombia,Cali,1986-06-25
María Manuela Andres-Echevarría,perla57@aranda-cerdan.es,Colombia,Bogotá,1990-11-16
Visitación del Sevillano,vazquezmarcelino@hotmail.com,Colombia,Barranquilla,1995-12-31
Cristóbal Mármol Otero,lisandroanguita@perez-daza.es,Colombia,Medellín,1967-06-26
Patricio Timoteo Miranda Angulo,fbolanos@gmail.com,Colombia,Cali,1980-02-15
Juan Francisco Mate,perellomilagros@franch.es,Colombia,Barranquilla,1992-05-17
Calista Falcón,tzabaleta@yahoo.com,Colombia,Medellín,1966-03-21
Nicolasa Cazorla,segoviaroldan@yuste.org,Colombia,Bucaramanga,1999-12-22
Flavio Solera Arteaga,alonso94@gallego.net,Colombia,Medellín,1995-10-02
Reina Sainz Carpio,faustollanos@gmail.com,Colombia,Bucaramanga,1997-08-12
Aroa Gabaldón,kike24@hotmail.com,Colombia,Bucaramanga,1964-05-18
Mariano Victor Manuel Nevado Salcedo,ambrosiosotelo@ayuso.com,Colombia,Barranquilla,1986-03-15
Pastor Salmerón Pagès,olimpia38@gmail.com,Colombia,Bucaramanga,1968-07-01
Santos Solís Cabanillas,isaura77@gmail.com,Colombia,Bucaramanga,2001-07-07
Yago Parra-Pou,modesta57@andres-bas.es,Colombia,Bogotá,1992-02-07
Soraya Donaire Lumbreras,apoloniacalderon@yahoo.com,Colombia,Bucaramanga,1997-05-18
Ruy Matas Serra,ngomez@gmail.com,Colombia,Bucaramanga,1985-08-25
Francisco Galindo Rosa,candelas32@hotmail.com,Colombia,Bogotá,1998-08-09
Aurora Sierra Morell,techeverria@banos-camps.es,Colombia,Barranquilla,2003-06-04
Artemio Gelabert Chamorro,gertrudiscompany@manuel-porta.es,Colombia,Bucaramanga,2005-11-28
Emperatriz Mayo Royo,aguiloemma@hotmail.com,Colombia,Bogotá,1979-07-20
Gil Baena Abascal,lujanrosenda@gmail.com,Colombia,Bucaramanga,2007-04-26
Georgina Monreal-Piñeiro,irozas@gmail.com,Colombia,Medellín,1968-12-29
Leopoldo Planas,scorrea@hotmail.com,Colombia,Bogotá,1960-04-27
Moisés Alcázar Cobo,fcerdan@gmail.com,Colombia,Cali,2006-11-08
Íngrid Imelda Escolano Santos,wplanas@gmail.com,Colombia,Bogotá,2000-09-02
Luis Valentín Guzmán,cpedraza@gmail.com,Colombia,Cali,1984-08-12
Luis Ángel Tirado Bernal,adela81@borrego.com,Colombia,Barranquilla,1963-02-14
Luna Alba Somoza,amunoz@yahoo.com,Colombia,Barranquilla,1970-12-06
Ovidio Mateu Juliá,kdominguez@manzanares.com,Colombia,Barranquilla,1965-02-22
José Antonio Benítez Lobo,encarnacionlucas@yahoo.com,Colombia,Cali,1967-02-14
Carmelita Yéssica Corbacho Salom,juan-carlosguzman@yahoo.com,Colombia,Cali,1995-06-03
Francisco Javier Blasco Codina,xrey@garate-sacristan.com,Colombia,Bucaramanga,1983-01-05
Miguel Ángel Lamas Carmona,abrilpujadas@mata-tamayo.net,Colombia,Bucaramanga,1986-01-28
Dorotea Codina Royo,aurea76@moles.es,Colombia,Bogotá,2003-11-27
Florencio León-Lasa,fatima96@herranz-ferrero.es,Colombia,Barranquilla,1996-10-17
Nicodemo Aguirre Bayo,hcabanas@salmeron.net,Colombia,Bucaramanga,1972-09-02
Albano Briones Barberá,carreterochema@castillo.com,Colombia,Medellín,1979-07-30
Nadia Benitez Santana,qmorales@gmail.com,Colombia,Bucaramanga,1963-10-11
Gala Méndez Barrena,gaspar71@yahoo.com,Colombia,Medellín,1986-04-01
Mohamed Téllez Camps,ngil@camino.com,Colombia,Bucaramanga,1964-04-28
Pascuala Iglesia-Salmerón,pcomas@abascal.org,Colombia,Bogotá,1981-12-22
Maricela Acevedo Villalba,zrubio@hotmail.com,Colombia,Cali,1974-11-25
Gregorio Toledo Carrión,isabel46@gmail.com,Colombia,Medellín,1995-11-30
Anita Segura Manjón,casandraariza@feijoo-martinez.es,Colombia,Barranquilla,2006-05-29
Lara Blazquez Río,andres-felipeferrando@gomez.es,Colombia,Bogotá,1996-04-25
Josep Juanito Sancho Alegre,basilio50@carrasco-galan.es,Colombia,Barranquilla,1998-12-15
Óscar de Arco,ealiaga@arroyo.com,Colombia,Bucaramanga,1962-12-06
Segismundo Régulo Cabanillas Sastre,caminodanilo@gimenez-barroso.net,Colombia,Cali,2005-09-11
Eufemia Carrillo Cervantes,maria-cristinaarroyo@hotmail.com,Colombia,Barranquilla,1963-11-01
Emigdio Cid Ribes,carolina27@armas.com,Colombia,Bogotá,1970-04-07
Valerio Torrens Berrocal,escobarangeles@luz.es,Colombia,Bucaramanga,1969-04-08
Juan Carlos Sanjuan-Requena,emilianaarellano@escolano.org,Colombia,Medellín,1959-11-04
Custodia de Carpio,rosalia88@simo.net,Colombia,Bucaramanga,1972-09-17
Rómulo Company Sánchez,felicianoaroca@gmail.com,Colombia,Medellín,1973-10-17
Dionisia Múñiz Santana,badiaangela@echeverria.es,Colombia,Bucaramanga,1975-07-18
Martina Moreno Rius,jeremias15@cabanas.es,Colombia,Medellín,1974-07-19
Jonatan Tormo Ballester,inocenciosanz@gmail.com,Colombia,Barranquilla,1968-10-24
Pacífica Ferrera Palmer,nicocastejon@gmail.com,Colombia,Bogotá,1968-10-26
Teodosio Solana Segarra,martirionunez@gmail.com,Colombia,Cali,1970-03-14
Yolanda Carlota Gras Bolaños,lgascon@yahoo.com,Colombia,Medellín,1960-07-08
Paulina Huerta Huguet,lgiron@gmail.com,Colombia,Barranquilla,1962-07-17
Joel Varela Aragonés,ztello@hotmail.com,Colombia,Barranquilla,1993-03-27
Ariel de Ramos,pliniomarques@botella.es,Colombia,Bucaramanga,2007-05-23
Tecla Amador Sanz,sandraramirez@gmail.com,Colombia,Bucaramanga,1991-02-16
Tito Bejarano Plaza,martinteodosio@yahoo.com,Colombia,Barranquilla,2006-02-14
Martín Narváez Ballesteros,canterorodolfo@yahoo.com,Colombia,Bucaramanga,1962-04-24
Flavia Díez Bautista,nicanorgomez@carballo.net,Colombia,Bogotá,1977-09-22
Nieves Rocha,barrosoramon@yahoo.com,Colombia,Bucaramanga,1993-08-27
Saturnina Casado,vito95@hotmail.com,Colombia,Bogotá,1990-09-09
Apolinar Portillo Escamilla,canalesfidel@yahoo.com,Colombia,Bogotá,1969-08-07
Bárbara Fuente Viñas,sigfrido82@oliver-rivera.es,Colombia,Bucaramanga,1972-05-25
Aitor Guerra Vizcaíno,pnovoa@hotmail.com,Colombia,Medellín,1999-11-28
Soledad Salgado,claudia24@gmail.com,Colombia,Bogotá,1992-06-25
Elvira Arévalo Colomer,xavier29@gmail.com,Colombia,Barranquilla,1971-06-19
Cecilio Gárate Caro,consuelo27@pelayo-espinosa.net,Colombia,Bogotá,1981-02-05
Brunilda Peralta Sanabria,domingo06@codina-sedano.es,Colombia,Barranquilla,1996-09-11
Eusebia Marqués,marisela92@hotmail.com,Colombia,Cali,2006-06-05
Pío Tejero Arjona,menaamador@gimenez-salmeron.es,Colombia,Cali,1963-04-11
Miguela Charo Zurita Girona,alonsoblanes@hotmail.com,Colombia,Barranquilla,2005-03-25
José María Prado Ferreras,elisa98@gmail.com,Colombia,Cali,1969-08-07
Flora Polo Peralta,onofre54@bonilla-garriga.es,Colombia,Barranquilla,1989-08-23
Ceferino Samuel Rodrigo Ribas,cobohipolito@taboada-zapata.es,Colombia,Cali,1985-02-06
Abraham Recio Llano,cayetanasevilla@hotmail.com,Colombia,Bucaramanga,1972-03-10
Ema Trujillo Arnal,ana87@gmail.com,Colombia,Bogotá,1959-09-12
Eleuterio Marín Sureda,silvestre27@hierro.org,Colombia,Bogotá,2000-04-14
Marisa Terrón Rubio,xcarreras@hotmail.com,Colombia,Barranquilla,1970-08-12
Amparo Coll-Montenegro,pepecardenas@gmail.com,Colombia,Barranquilla,1988-01-30
Amanda Manjón Manzanares,maria-doloresespanol@diego.es,Colombia,Cali,1980-01-08
Octavio Pareja-Báez,albertcerro@hotmail.com,Colombia,Bogotá,1992-07-12
Evita Cánovas Calatayud,anitaginer@zaragoza.com,Colombia,Cali,1964-09-23
Sebastián Castro Alemany,mateo52@yahoo.com,Colombia,Bucaramanga,1980-04-06
Ramón Carrasco Girón,javieragonzalez@casares-gallego.com,Colombia,Cali,2006-07-17
Antonio Alfonso Tomé,ferrandizcandido@gmail.com,Colombia,Barranquilla,1967-08-16
Alfredo Batalla-Mata,casalszoraida@fuertes.es,Colombia,Medellín,1969-06-08
Luis Miguel Oliveras-Ortuño,anselmabayo@alcala.net,Colombia,Cali,1971-03-22
Adela de Gargallo,jose92@yahoo.com,Colombia,Medellín,1983-09-05
Imelda Gargallo Vilar,wcarbajo@casals-solano.com,Colombia,Bogotá,1984-02-11
León Poncio Armas Blanca,ycarlos@yahoo.com,Colombia,Bucaramanga,1980-10-05
Coral Ramón Manso,rociobanos@yahoo.com,Colombia,Cali,1960-05-26
Nerea Calzada Prieto,carreraseric@yahoo.com,Colombia,Cali,1999-09-20
Raimundo Domingo Barón,nilofonseca@hotmail.com,Colombia,Medellín,1975-05-19
Paola Valera Lopez,epalacio@hotmail.com,Colombia,Medellín,1994-05-02
Candelario Sanz-Campoy,amelia73@canizares.com,Colombia,Medellín,2005-09-04
Chuy Piñeiro Morillo,ester91@vizcaino.es,Colombia,Bucaramanga,2004-08-02
Leandra Vargas Jurado,angulotito@gmail.com,Colombia,Medellín,1980-12-08
Isaura Segura Araujo,ceciliamateo@cordoba.com,Colombia,Barranquilla,1986-01-03
Ramona Canals Trujillo,gcrespi@gmail.com,Colombia,Barranquilla,1993-03-12
Florinda Osorio-Luís,anayadominga@gmail.com,Colombia,Cali,1983-04-10
Alba Nogueira-Pintor,wochoa@ortega-barbero.net,Colombia,Bogotá,2003-08-20
Manu Aristides Bastida Mayol,fortunato08@arcos-serna.es,Colombia,Bucaramanga,1960-12-02
Marita Alonso Moliner,kmora@gmail.com,Colombia,Barranquilla,2006-07-18
Florentino Valdés,encarnacionmari@yahoo.com,Colombia,Barranquilla,1993-05-07
Sosimo Gargallo Madrigal,martinezconsuela@yahoo.com,Colombia,Medellín,1965-10-15
Arcelia Navarro-Llano,nroldan@benitez-matas.org,Colombia,Medellín,1996-04-10
Chus Ribas Quesada,bescribano@hotmail.com,Colombia,Medellín,1993-07-02
Natalio Solsona,hbarreda@gmail.com,Colombia,Bogotá,1969-08-02
Carlos del Rozas,rosalina13@yahoo.com,Colombia,Medellín,2003-06-30
Eduardo Guzman Ramis,conesagregorio@higueras.es,Colombia,Medellín,1989-03-18
Miriam Arco Franch,elias04@echeverria-arnal.es,Colombia,Barranquilla,1965-03-30
María Cristina Martí Bartolomé,hilda16@hotmail.com,Colombia,Barranquilla,1967-02-24
Paulina Vall-Carrillo,pbosch@hotmail.com,Colombia,Cali,1980-11-09
Serafina Porta Guzman,ernestocampillo@gmail.com,Colombia,Barranquilla,1989-06-09
Dominga Barba Trujillo,molinercaridad@yahoo.com,Colombia,Bucaramanga,1976-04-17
Valerio Coca-Parejo,paca40@hotmail.com,Colombia,Bogotá,2004-08-05
Onofre Heras Isern,feliciana51@hotmail.com,Colombia,Bucaramanga,1985-12-19
Wálter Pozo Jaume,gutierrezmanuel@gmail.com,Colombia,Bucaramanga,2002-06-30
Vanesa Ramos Aragón,turadriana@hotmail.com,Colombia,Bucaramanga,1988-04-09
Seve Cueto Julián,sosimo98@morillo.com,Colombia,Medellín,1989-09-14
Abel Pérez Folch,coral11@gmail.com,Colombia,Bogotá,2003-09-16
Teo Reguera Montenegro,qcanellas@gmail.com,Colombia,Medellín,1978-09-16
Aristides Ribas,rubenpi@hotmail.com,Colombia,Medellín,1961-02-03
Miriam de Borrell,juan-franciscodomingo@gmail.com,Colombia,Bogotá,1988-09-19
Dorita Brígida Borrell Pedro,alcalalina@rozas.com,Colombia,Cali,1973-05-10
Tomás Larrea,ipina@yahoo.com,Colombia,Cali,1974-03-14
Prudencio Nilo Fajardo Ripoll,bcoello@juarez-gutierrez.es,Colombia,Cali,1999-03-14
Anselma Alarcón Somoza,jimena63@pla.com,Colombia,Barranquilla,1963-07-13
Flavio Guitart Sotelo,adadiajose-luis@hotmail.com,Colombia,Cali,1986-05-23
Benigna Armengol Escobar,anitaurena@yahoo.com,Colombia,Barranquilla,1965-08-19
Olimpia Roselló Cifuentes,millanarsenio@gmail.com,Colombia,Barranquilla,1984-01-26
Elisabet Lago Laguna,ucozar@hotmail.com,Colombia,Barranquilla,1969-10-28
Tamara del Baena,baltasargras@araujo.org,Colombia,Bogotá,1991-04-27
Azahar Uría Armas,leire87@yahoo.com,Colombia,Medellín,1969-08-09
Félix Bueno Frías,perlitadieguez@hotmail.com,Colombia,Bogotá,2004-08-28
Cloe Acosta-Zorrilla,pbenitez@busquets-mulet.com,Colombia,Bogotá,2005-11-06
Haroldo Pereira Camino,ambrosiobertran@yahoo.com,Colombia,Bucaramanga,2002-04-16
Manuel Adán-Mur,umorcillo@castello.org,Colombia,Medellín,1963-04-24
Leocadio Pizarro Bru,gaspar36@gmail.com,Colombia,Barranquilla,1970-08-14
Reyna Quevedo López,martinamor@menendez-castro.es,Colombia,Medellín,1994-06-02
Jose Ignacio Salinas,kledesma@hotmail.com,Colombia,Bogotá,1988-04-14
María Luisa Estrada Rovira,arjonaarmida@yahoo.com,Colombia,Medellín,1974-10-16
Jose Miguel Águila Zamorano,adelina61@mas-comas.com,Colombia,Cali,1995-02-16
Emiliana Asenjo Benito,vicensteodoro@busquets-sobrino.org,Colombia,Bogotá,1999-05-19
Rodrigo Vara Alegre,yescobar@pozo.com,Colombia,Cali,1979-10-15
Maristela Sanz Sandoval,zaida23@gmail.com,Colombia,Medellín,2000-08-20
Tristán Camino-Roura,pratdemetrio@duarte.es,Colombia,Bogotá,1987-02-05
Paola Lara Mateo Palomo,chucho22@gmail.com,Colombia,Barranquilla,1960-08-11
Timoteo Amor,pcodina@ruano.net,Colombia,Bogotá,1991-01-25
Jordi Roca Almeida,vanesacorominas@salgado.com,Colombia,Cali,1976-01-16
Eugenio Pou,adan16@valcarcel-manso.com,Colombia,Cali,1992-08-11
Marta Torrents,alvarezalejo@moles-bartolome.org,Colombia,Medellín,1967-06-28
María Ángeles Oliver Sanabria,cuellarlucio@hotmail.com,Colombia,Bucaramanga,1982-12-06
Cristina Vera Gimenez,scastro@hotmail.com,Colombia,Medellín,2005-05-03
Rosalinda Sureda Cáceres,jessica17@duran.com,Colombia,Bucaramanga,1987-11-03
Encarnacion Guitart Gallart,palmersocorro@palau-cuadrado.com,Colombia,Barranquilla,1963-11-12
Irene Carbonell González,amandajorda@padilla-artigas.org,Colombia,Barranquilla,1994-08-09
Nayara Aránzazu Ayuso Río,camachomerche@hotmail.com,Colombia,Bogotá,1962-05-22
Aránzazu Diego,visitacionpardo@manzano.es,Colombia,Medellín,1966-04-15
Moisés Parra Nadal,franchvalentin@agudo-higueras.es,Colombia,Bucaramanga,1993-11-24
Aristides Larrañaga Perales,eva32@hotmail.com,Colombia,Bogotá,1975-01-22
Salvador Romeu Reyes,yvillalonga@hotmail.com,Colombia,Bucaramanga,1989-08-25
Rogelio Agustín Villar,neiramaxi@cordoba-roura.com,Colombia,Medellín,1962-01-20
Vito Barco Vizcaíno,rquesada@hotmail.com,Colombia,Medellín,1980-11-16
Adelia Losa Álamo,psalmeron@salamanca.es,Colombia,Medellín,1972-12-15
Aristides Alejandro Nadal Porta,ignacio18@miguel.com,Colombia,Medellín,1996-04-10
Dora Hernández-Mateu,barredaprudencia@yahoo.com,Colombia,Bogotá,1994-01-24
Beatriz Asenjo Casanovas,constanza07@yahoo.com,Colombia,Barranquilla,1999-02-09
Oriana Guillen-Ordóñez,griselda92@hotmail.com,Colombia,Barranquilla,1976-05-19
Fernando Villalonga Fernández,jcabanas@hotmail.com,Colombia,Cali,1965-02-08
Américo Rodríguez Castillo,victor-manuelbermejo@yahoo.com,Colombia,Cali,1997-07-27
Reyes Prat,croda@hotmail.com,Colombia,Bogotá,1987-11-26
Calixto Vega Castejón,tcastello@hotmail.com,Colombia,Barranquilla,1974-01-01
Juana Antúnez Crespo,realdamian@gmail.com,Colombia,Bucaramanga,1979-03-28
Juan Carlos Coronado Carranza,reinaldo44@yahoo.com,Colombia,Barranquilla,1969-04-03
Ruben Robles Atienza,ildefonso27@gmail.com,Colombia,Barranquilla,1983-04-04
Trinidad Arribas Rios,clarisa75@yahoo.com,Colombia,Bogotá,2000-09-30
Rico Chacón Vargas,jsanchez@hotmail.com,Colombia,Bogotá,2002-01-17
Guadalupe Gala Guerrero Prats,salazarmagdalena@yahoo.com,Colombia,Medellín,1961-03-21
Mayte Mendizábal-Casals,esperanzabaena@velez.com,Colombia,Bucaramanga,1995-09-22
Agapito Llopis Fuster,zblazquez@montes.es,Colombia,Medellín,1989-04-09
Hipólito Amador Álvarez,fjimenez@gmail.com,Colombia,Barranquilla,1970-12-22
Calixto Ciriaco Jaume Borrás,saturnino20@morell.com,Colombia,Barranquilla,1966-04-02
Bibiana Rey Morante,dcarrillo@gmail.com,Colombia,Cali,2000-02-27
Cándida Ureña-Verdugo,leonbenjamin@yahoo.com,Colombia,Bucaramanga,1987-03-26
Jose Antonio Andres Ramón,leoncasandra@cadenas.org,Colombia,Medellín,1965-03-29
Clara Cisneros,merchehigueras@hotmail.com,Colombia,Bogotá,1990-04-10
Aarón Sobrino Mancebo,barrenaafrica@llano-iglesia.es,Colombia,Barranquilla,1974-01-04
Sol Vicens-Lucena,mamenbecerra@borras-prats.com,Colombia,Bucaramanga,1997-05-26
Valentín Rosales-Galvez,fabiola47@yahoo.com,Colombia,Bogotá,1981-06-02
Clementina Segura Moya,flaviaabril@tamayo.com,Colombia,Barranquilla,2006-12-05
Rafaela Pozo Bertrán,salgadohortensia@osorio.es,Colombia,Cali,2006-12-18
Bernabé Sevillano Pellicer,oagusti@aller.net,Colombia,Bucaramanga,2002-01-29
Sancho Plinio Giner Guillén,angelino47@hotmail.com,Colombia,Bogotá,1972-11-15
Aura Lobato Vall,carminaferrer@hotmail.com,Colombia,Cali,1999-07-22
Ramón Bas Castejón,socorrozabala@hotmail.com,Colombia,Bucaramanga,2005-09-01
Osvaldo Iriarte Santiago,uazorin@ramirez-lledo.com,Colombia,Medellín,1984-02-17
Purificación Arranz,lobozaida@sanchez-molina.com,Colombia,Barranquilla,1982-04-23
Valerio Amaya Gonzalez,iborraharoldo@gmail.com,Colombia,Medellín,1963-10-22
Alberto Tena Rosales,priscila43@saenz.es,Colombia,Bucaramanga,1994-11-23
Angelino del Bustos,boadabenjamin@gmail.com,Colombia,Bogotá,2006-09-18
Rosendo Castell Barrio,mataemiliana@hotmail.com,Colombia,Barranquilla,1966-06-17
Lino Azorin Mariño,nbaez@yahoo.com,Colombia,Barranquilla,2004-06-04
Adelina Jenny Plana Simó,nicolasflorina@hotmail.com,Colombia,Cali,1994-09-23
Maristela Fernández Campoy,bauzadorita@cases.org,Colombia,Medellín,1992-04-16
Isidora Cayetana Herrero Cervantes,castellmateo@ruano.org,Colombia,Medellín,1991-06-26
Marcial Francisco Javier Manuel Peinado,baudeliogamez@ballester.net,Colombia,Bucaramanga,1973-03-24
Francisco Fajardo Tamarit,reyes99@yahoo.com,Colombia,Bucaramanga,1981-11-22
Baldomero Santos Arnal,zoraidaacevedo@hotmail.com,Colombia,Bogotá,1975-03-15
Matilde Garcés Haro,noemi63@yahoo.com,Colombia,Bogotá,1984-03-21
Angelino Pallarès Andrés,luis-angelsacristan@palomino.com,Colombia,Bucaramanga,1978-11-12
Damián Juárez Dávila,gasparferrandez@gmail.com,Colombia,Bogotá,1966-06-02
Severo Cervantes Pinilla,humberto47@pelayo.com,Colombia,Bogotá,1963-12-24
Calixto Castrillo Falcó,uperello@roman.net,Colombia,Bogotá,1969-08-22
Delia Baeza Losada,ugallart@sosa.com,Colombia,Cali,1985-12-10
Florentina Valenzuela,modestopereira@hotmail.com,Colombia,Bucaramanga,1993-03-15
Edelmira Quero Arce,teresafranco@guitart-priego.net,Colombia,Bogotá,1985-03-11
Camila Perelló-Iñiguez,maricruzblasco@sales-villena.es,Colombia,Cali,1962-05-01
Loida Navarrete Rojas,arosell@yahoo.com,Colombia,Medellín,1978-02-09
Aitana Escobar Sala,filomena15@marino.com,Colombia,Barranquilla,1966-03-24
Andrés Felipe Palomino Arenas,haroldo54@llobet-farre.com,Colombia,Medellín,1979-11-29
Sergio Fulgencio Quintero Ramirez,wvila@puga.net,Colombia,Barranquilla,1975-06-09
Maristela Solís,maxima15@gmail.com,Colombia,Cali,2007-01-10
Clementina Ródenas Sandoval,emilio92@agusti-valero.es,Colombia,Barranquilla,1988-01-20
Noelia Quintanilla Marí,antonagata@gmail.com,Colombia,Bucaramanga,1998-03-13
Zaira María Fernanda Portillo Piquer,ibartolome@fabra-taboada.com,Colombia,Bucaramanga,1990-04-04
Arturo Che Calvet Elías,lamor@banos.org,Colombia,Barranquilla,1979-05-05
Anastasia Sanz,aura02@reig-portillo.com,Colombia,Barranquilla,1996-01-14
Judith Bayona Porcel,sabinafuster@rosell-taboada.com,Colombia,Bucaramanga,1973-05-05
Otilia Segarra,adrianclavero@yahoo.com,Colombia,Bucaramanga,2000-09-09
Juan José del Tudela,variza@gmail.com,Colombia,Medellín,1990-08-01
Odalis Martorell Portillo,libanez@rosales.com,Colombia,Medellín,2007-01-27
Dimas Cruz Llanos,gayavioleta@yahoo.com,Colombia,Bucaramanga,1997-02-24
Gerónimo Benito Calzada,ksanmartin@yahoo.com,Colombia,Bogotá,1962-07-27
Alba Beltran Serrano,marcia63@yahoo.com,Colombia,Cali,1976-08-01
Pedro Cerezo Morillo,eserra@gmail.com,Colombia,Medellín,1989-04-26
Jonatan Lorenzo Cuéllar,cabreragalo@casanova-portillo.com,Colombia,Cali,1960-04-17
Carmelo Saez-Palma,lidiaaramburu@garzon.com,Colombia,Medellín,1980-07-06
Amaya Acuña Atienza,ursulaiborra@yahoo.com,Colombia,Barranquilla,1965-10-01
Humberto Anaya Alcaraz,irmabarroso@gmail.com,Colombia,Cali,2004-09-21
Porfirio Diego Arregui,morillomohamed@hotmail.com,Colombia,Barranquilla,1973-08-16
Gertrudis del Carrillo,curropalacios@duran-alcolea.es,Colombia,Barranquilla,1986-01-06
Jenaro Gimeno,florentina95@bautista.es,Colombia,Medellín,2000-04-13
Aroa Duarte Infante,evangelina62@echevarria-monreal.es,Colombia,Bogotá,1960-09-24
Zaida Marisol Sanchez Piñeiro,guerreroalfonso@casanova.es,Colombia,Bogotá,1964-12-07
Bruno Perera Valenzuela,evaristopena@gmail.com,Colombia,Barranquilla,2000-03-25
Pepita Mulet Cañete,fidela08@yahoo.com,Colombia,Bucaramanga,1961-02-21
Teo del Noriega,calistabalaguer@hurtado.es,Colombia,Bucaramanga,2002-05-22
Anacleto Tur Becerra,cidhernando@bravo.net,Colombia,Medellín,1964-11-06
Paola Solera Merino,jose-ignaciorodrigo@ibarra.org,Colombia,Cali,1973-03-27
Tomás Teruel-Bernal,kpina@yahoo.com,Colombia,Medellín,1993-12-01
Paulina Iris Costa Toledo,froma@corominas-echevarria.org,Colombia,Barranquilla,1980-05-05
Elodia Perez Terrón,elias73@falco.com,Colombia,Bogotá,1987-01-23
Gertrudis Perea Plana,felipa91@yahoo.com,Colombia,Barranquilla,1985-09-19
Candelas Ferrera-Rubio,araceli75@hotmail.com,Colombia,Barranquilla,1985-10-02
Paulina Huerta Herrera,pardoevangelina@hotmail.com,Colombia,Medellín,2004-10-30
Eladio Sarabia Colom,eligiacuellar@gmail.com,Colombia,Bogotá,1965-10-24
Gisela Bernat Villegas,bdaza@matas-valle.es,Colombia,Cali,1987-07-17
Baltasar Ocaña Clavero,marianelapuig@hotmail.com,Colombia,Bogotá,1970-12-28
Abigaíl Caballero Becerra,umaldonado@yahoo.com,Colombia,Bucaramanga,1985-01-10
Pastor Cañizares Figuerola,anicanet@yahoo.com,Colombia,Bucaramanga,1973-03-16
Reinaldo España Feliu,osaez@hotmail.com,Colombia,Medellín,1970-11-02
Eugenio Boada Pina,bernardo50@guitart.com,Colombia,Bucaramanga,1977-08-21
Nazaret Arnaiz Caballero,penaelisa@larranaga.es,Colombia,Bogotá,1984-10-05
Estela Heras Paniagua,wbarcelo@yahoo.com,Colombia,Cali,1990-08-16
Paola Chamorro Amigó,juana35@talavera-villa.es,Colombia,Bucaramanga,2002-12-14
Adriana Palomino Arroyo,mguillen@yahoo.com,Colombia,Cali,2001-03-21
Félix Roman Tamayo,mmarin@clemente.com,Colombia,Bogotá,1965-06-16
Sigfrido Nicodemo Solera Diéguez,toledogloria@hotmail.com,Colombia,Cali,1973-12-07
Renato Borrás Camacho,cuetoursula@yahoo.com,Colombia,Cali,1978-08-11
Plácido del Tamayo,agatatellez@mendez.com,Colombia,Medellín,1985-07-02
Tatiana del Guijarro,david41@borrell.net,Colombia,Bucaramanga,1984-07-22
Teodosio Millán Pinto,bernabe98@pons.es,Colombia,Medellín,2005-10-04
Juan Bautista Girona Campillo,sernamaximiano@gmail.com,Colombia,Barranquilla,1993-07-18
Brunilda Luque Coello,martin81@tejera-garriga.es,Colombia,Barranquilla,1985-03-02
Sandalio Mínguez Corominas,juanitabadia@torrent.es,Colombia,Barranquilla,1970-05-13
Leocadio Poza Nebot,wolive@yahoo.com,Colombia,Bucaramanga,1995-06-14
Epifanio Pablo Ferrero Prada,moisesbalaguer@mateu.com,Colombia,Barranquilla,1992-05-12
Vidal Camilo Gallego Gibert,paredeslucila@cal.es,Colombia,Bogotá,1966-01-25
Juana Escobar Badía,dorita62@quintero.com,Colombia,Bucaramanga,1992-10-12
Omar Marc Duque Perez,rpina@salgado.com,Colombia,Bucaramanga,1967-11-02
Miguela Vergara Gomila,sllanos@busquets.es,Colombia,Medellín,1998-06-01
Augusto Morell Bartolomé,zaller@torres.com,Colombia,Bucaramanga,1967-07-08
Tomás Escolano Adadia,donato02@hotmail.com,Colombia,Bogotá,1970-07-02
Lisandro Jerez Arana,velascomarc@duarte-rocha.com,Colombia,Bogotá,1962-09-03
Yolanda Marcos,coronatrujillo@hotmail.com,Colombia,Bucaramanga,1983-06-29
Lupita Lina Gallego Cabeza,angelinofabra@mari.com,Colombia,Medellín,1983-12-19
Bernardo Roca-Benavente,rico26@yahoo.com,Colombia,Bucaramanga,2005-07-27
Nélida Clemente Frías,evita35@vidal.com,Colombia,Cali,1989-01-14
Alba Huertas Berenguer,canetisaura@hotmail.com,Colombia,Bogotá,1981-12-11
Gerardo Múgica Llano,leocadioagustin@pi.es,Colombia,Medellín,1967-12-08
Juan José Medina Tovar,juanita94@linares.com,Colombia,Cali,1986-01-15
Francisco Jose Quevedo Tapia,agapito82@cases.org,Colombia,Cali,2003-01-11
Olga Ibañez Ripoll,valentinotero@yahoo.com,Colombia,Cali,1988-08-22
Paca Granados,mayoralsantos@yahoo.com,Colombia,Medellín,1964-12-09
Pánfilo Heredia Bueno,blazquezmar@urena-alarcon.es,Colombia,Cali,1993-05-29
Noa Casanovas,falconvisitacion@hotmail.com,Colombia,Bucaramanga,1988-06-13
Pilar del Hidalgo,rdomingo@gomila.es,Colombia,Bucaramanga,1983-07-29
Héctor Valbuena Pinilla,daniel53@carranza.es,Colombia,Bucaramanga,1974-01-11
Rafa Prada Gelabert,sierratecla@hotmail.com,Colombia,Barranquilla,1983-09-28
Mario Seguí Moya,custodio05@hotmail.com,Colombia,Barranquilla,1983-08-28
Aureliano Rosa Téllez,angelaroa@reig.es,Colombia,Medellín,2004-03-19
Daniel Sosa-Prats,panfilo62@hotmail.com,Colombia,Bucaramanga,1989-05-17
Candelaria Chaves Otero,palomarsol@hotmail.com,Colombia,Bogotá,1972-06-06
Alex Bonifacio Prat Robledo,cuetogriselda@gmail.com,Colombia,Bucaramanga,1977-08-14
Humberto Torrijos Valbuena,maricruz68@porcel.com,Colombia,Bucaramanga,1970-02-12
Leyre Alcalde Guzmán,timoteo90@tenorio-mancebo.org,Colombia,Medellín,1988-09-20
Martin de Vidal,lisandrocardona@huertas-romeu.net,Colombia,Medellín,1966-07-18
María Jesús Escudero,jenarocarreno@quero.org,Colombia,Cali,1988-07-16
Mario Flores Bou,hramon@guardia-girona.es,Colombia,Bogotá,1963-09-15
Inmaculada Aznar,leonprudencio@yahoo.com,Colombia,Barranquilla,1987-12-25
Feliciano de Espada,azoringertrudis@montoya.es,Colombia,Barranquilla,1966-05-22
Catalina Iniesta Tur,marco11@hotmail.com,Colombia,Cali,1997-01-29
Fito Palomo Pardo,florentinallorente@gmail.com,Colombia,Barranquilla,1966-10-08
Maxi Carreño Armengol,juliesalinas@benavides.es,Colombia,Barranquilla,1991-10-20
Juanito Corral,gregorioripoll@iriarte.es,Colombia,Barranquilla,1964-02-20
Hortensia Zabaleta Vara,elenalledo@castello.com,Colombia,Bogotá,1986-07-31
Noa Vilanova Benavides,yvergara@portero.net,Colombia,Barranquilla,1970-06-02
Concha Agullo-Vilalta,marcio34@hotmail.com,Colombia,Medellín,1967-08-21
Dani Arroyo Gárate,colomersol@yahoo.com,Colombia,Bucaramanga,1963-01-14
Sergio de Carmona,evelia95@blanco-laguna.com,Colombia,Medellín,1979-08-07
Amparo Alarcón Pagès,gabriel40@camino.net,Colombia,Barranquilla,1981-08-06
Cristian Prats-Cortés,lunaroura@yahoo.com,Colombia,Medellín,1965-11-27
Carolina Segovia Esteban,clotildetrujillo@escribano.org,Colombia,Medellín,1986-05-10
Cecilia Anastasia Clemente Bello,walterquevedo@gmail.com,Colombia,Medellín,1960-05-02
Armida Florinda Plana Almansa,arranzeligio@blanes.com,Colombia,Cali,1960-03-03
Kike Nevado Blázquez,alexandrasaldana@melendez.es,Colombia,Barranquilla,1963-05-02
Nydia del Casal,calderoncandelas@calderon-vidal.es,Colombia,Bucaramanga,1974-10-18
Danilo Roldán Pol,gabriela43@planas.com,Colombia,Bucaramanga,1966-06-15
Gaspar Antonio Múgica Carrasco,arocaelodia@gmail.com,Colombia,Barranquilla,1995-08-19
María Carmen Escudero Rodríguez,etelvina45@linares.es,Colombia,Barranquilla,1964-09-23
Tomás Comas Collado,rosariosalom@hotmail.com,Colombia,Bogotá,1967-03-26
Inmaculada Lopez-Coca,edu26@montana-urrutia.es,Colombia,Barranquilla,1987-09-13
Rosalina Mercedes Mínguez Chacón,jriquelme@ugarte-grau.es,Colombia,Bogotá,1988-03-27
Maricruz Gimenez,porfirioacedo@alemany.es,Colombia,Bogotá,1963-08-02
Fernanda Chaparro Mariño,petronarobledo@gmail.com,Colombia,Bogotá,1963-05-02
Benigno Clemente Pina,dperal@camino.com,Colombia,Bogotá,1984-05-21
Aníbal Hierro Benítez,wconde@soriano.com,Colombia,Bogotá,1987-07-15
Isidora Alcalde Madrid,benitoanton@duran.com,Colombia,Barranquilla,2005-10-19
Manola Jordá Valls,teocrespo@yahoo.com,Colombia,Bucaramanga,1985-03-23
Ramiro Galán Pérez,rubenespejo@berenguer.es,Colombia,Barranquilla,1970-09-30
Samu Pera Rodrigo,cesar11@narvaez-anaya.net,Colombia,Medellín,1996-05-20
Anacleto Galán Alba,carmenfranch@hotmail.com,Colombia,Cali,1977-11-06
Lucas Arribas Tomás,mirandaciro@aguirre-palacios.org,Colombia,Barranquilla,1972-10-16
Pili Portillo Pagès,munozsaturnino@vara.com,Colombia,Medellín,1985-07-14
Maristela Arcos Manrique,isabelsierra@bueno.net,Colombia,Barranquilla,2005-11-26
Rodrigo Cuevas Valls,vcastro@yahoo.com,Colombia,Cali,1988-11-08
Victor Manuel Ponce Haro,corominasclaudia@valencia.com,Colombia,Bucaramanga,1965-06-18
Arcelia Sanz Mir,felix14@parra.com,Colombia,Bogotá,1990-11-19
Jordi Jaén-Salamanca,torrentsanibal@madrid-quero.es,Colombia,Cali,1984-06-27
Sonia Mir,reyesantonia@yahoo.com,Colombia,Bucaramanga,1962-06-08
Milagros Amparo Hierro Aguiló,mansoremigio@pujol.net,Colombia,Bucaramanga,2005-01-24
Félix Solano Solís,boadageraldo@hotmail.com,Colombia,Bucaramanga,1989-01-02
Herberto Mulet,octavio97@tamayo.org,Colombia,Bucaramanga,1996-08-16
Joel Coello García,pintobernabe@yahoo.com,Colombia,Medellín,1974-01-20
Curro Alsina Rocha,fabiola21@gmail.com,Colombia,Bucaramanga,1987-02-05
Eustaquio Sanmiguel Rivas,geronimo01@nogues-martinez.com,Colombia,Cali,1988-01-19
Juanita Cuevas Rueda,jagustin@hotmail.com,Colombia,Barranquilla,2004-12-26
María Manuela Coca-Morante,contrerasteofila@yahoo.com,Colombia,Medellín,1981-01-23
Ruy Ramos Jódar,ocasas@cabanillas-arce.net,Colombia,Bucaramanga,2006-12-04
Remedios de Pina,hugo39@pellicer.com,Colombia,Medellín,1993-09-12
Pancho Valera Sarmiento,wortiz@hotmail.com,Colombia,Bogotá,1982-05-21
Chus Segarra Romero,carolinacanovas@hotmail.com,Colombia,Bucaramanga,1978-12-05
Melisa Luque Cabezas,borrasflorentina@reina.es,Colombia,Medellín,1989-10-02
Marisa Antúnez,ogalan@yahoo.com,Colombia,Medellín,1972-11-02
Beatriz Orozco Simó,xaguilera@gmail.com,Colombia,Medellín,2004-05-09
Fabio Ribera-Hernández,aantunez@corral.es,Colombia,Medellín,1998-06-20
Dalila Posada Fernández,romeueduardo@hotmail.com,Colombia,Bogotá,1971-05-09
Yaiza Monreal Villar,gguardia@cases.es,Colombia,Bucaramanga,1970-05-10
Clara Buendía Bueno,oalberdi@coronado.es,Colombia,Medellín,1968-05-31
Melisa Palma Estévez,manuelferrer@higueras.com,Colombia,Cali,1969-04-25
Melchor Calderón Cantero,campoerasmo@yahoo.com,Colombia,Cali,1965-11-04
Jose Miguel Pardo Galiano,tudelanatalia@gmail.com,Colombia,Medellín,1992-08-21
Cruz Rivas Perez,lcuevas@yahoo.com,Colombia,Bogotá,2004-06-03
Melania Angulo-Carpio,alondra99@hotmail.com,Colombia,Bucaramanga,1995-01-14
Benjamín Fernández-Andreu,inocenciopatino@gaya.es,Colombia,Barranquilla,1965-03-17
Eloy Llanos Tirado,oliveleandra@mariscal.es,Colombia,Barranquilla,1976-07-20
Conrado Lucas Pozo,fito37@salmeron-roda.org,Colombia,Bogotá,1966-11-07
Fátima Inés Folch Osorio,sanchoflorencio@gmail.com,Colombia,Bogotá,1987-06-02
Marciano Severiano Ortuño Puig,escolanonydia@roman-estevez.es,Colombia,Bogotá,1974-03-05
Florencia Codina Miralles,montalbanjaviera@mulet.es,Colombia,Bucaramanga,1997-10-01
Guadalupe Luque Garay,lobolilia@benavides.es,Colombia,Medellín,1972-12-11
Salvador Uribe Valenzuela,tadeo11@donoso-morillo.es,Colombia,Bogotá,1960-12-23
Agapito Modesto Acuña Serrano,prudenciaquevedo@gmail.com,Colombia,Cali,2003-05-29
Andrés Soriano Bustamante,leonardo55@yahoo.com,Colombia,Medellín,1980-11-03
María José Arévalo Pozuelo,puriarte@gmail.com,Colombia,Bogotá,1966-07-10
Dani Asenjo Alarcón,moraledarosalva@ruano.com,Colombia,Medellín,1984-08-19
Adela de Jover,asensiomarco@laguna.es,Colombia,Barranquilla,1971-02-14
Lupe Serna Carretero,rosalva29@salvador-carvajal.net,Colombia,Bucaramanga,1992-11-18
Felipe Tolosa-Gonzalez,maria-dolores41@herrera-fuster.com,Colombia,Barranquilla,1963-08-19
Adolfo Garzón,fexposito@gmail.com,Colombia,Bucaramanga,1999-09-19
Lola Millán,gcorrea@gmail.com,Colombia,Barranquilla,1984-04-11
Jennifer Vilanova Franco,brunolobo@yahoo.com,Colombia,Medellín,1980-06-07
Miriam Calatayud-Colom,canetjose-angel@gmail.com,Colombia,Bogotá,1977-09-07
Jordán Santamaría Ortiz,blascopaulino@yahoo.com,Colombia,Medellín,1986-07-17
Irene Verdejo,sainzleandro@yahoo.com,Colombia,Bogotá,2003-09-02
Patricia Rocamora Ferrera,samuelegea@hotmail.com,Colombia,Bogotá,2000-11-13
Lorenza Rosselló Canales,dangimenez@baena.org,Colombia,Cali,1995-09-29
Emiliano Gonzalo Quiroga,ocadenas@hotmail.com,Colombia,Cali,1973-07-12
Rubén Frutos Olivera,macarena01@gmail.com,Colombia,Cali,1980-04-22
Che del Baños,nazaretsarabia@alberto.es,Colombia,Barranquilla,1960-12-12
Eligio Benítez Donaire,ainoa90@huertas-sureda.com,Colombia,Cali,1998-02-18
Silvestre Danilo Zapata Vaquero,matildeburgos@mayo.es,Colombia,Cali,1983-05-27
Domitila del Izaguirre,walcalde@yahoo.com,Colombia,Barranquilla,2004-09-17
Julie Aurelia Lerma Vives,segismundogimenez@cifuentes.com,Colombia,Cali,2006-11-18
Fernanda Fábregas Borrell,rcampoy@sancho.org,Colombia,Bogotá,1986-02-21
Hilda Llorente-Mendoza,vinajudith@casado-rossello.es,Colombia,Medellín,1967-01-11
Josep Colom Soler,estrella82@torrens-maldonado.com,Colombia,Bogotá,1990-06-01
César Luna Casal,amaza@ortuno-abascal.com,Colombia,Cali,1983-05-13
Rubén Timoteo Vallés Cortina,eric36@berrocal.com,Colombia,Bucaramanga,1976-06-16
Ileana Pujol Cabañas,edelmira42@hotmail.com,Colombia,Medellín,1981-06-23
Berta Flores-Ibáñez,tflores@boada-martinez.es,Colombia,Barranquilla,1989-04-06
Bruno Zurita Salamanca,adelina56@yahoo.com,Colombia,Medellín,1990-12-03
Yago Amor Robledo,encarnacionmate@vigil.com,Colombia,Bogotá,1986-04-02
Heriberto Aguado Sevillano,blazquezbartolome@yahoo.com,Colombia,Medellín,1999-12-23
Segismundo Manso Tirado,carrionmanu@hotmail.com,Colombia,Medellín,1973-06-26
Bienvenida Valbuena,teresacortes@mercader-agudo.es,Colombia,Bogotá,1964-02-06
Carmelo Carrillo Vizcaíno,hernandocalleja@amat-vega.es,Colombia,Medellín,1967-10-27
Hermenegildo Jose Antonio Espejo Gutierrez,bcasal@gmail.com,Colombia,Medellín,1969-03-04
Che de Tamayo,luis-miguel19@yahoo.com,Colombia,Medellín,1978-04-04
Gabriela Campo Simó,bcolomer@yahoo.com,Colombia,Bucaramanga,1997-12-04
Adelina Mateo Aragón,pachecoemilio@yahoo.com,Colombia,Medellín,1960-02-25
Gastón Valle Vaquero,vanesa86@barros.es,Colombia,Cali,1969-01-22
Ruben Mateo-Prada,epenas@escribano.org,Colombia,Cali,1981-08-01
Marisa Oliveras-Quintanilla,andreureyes@cuenca.com,Colombia,Medellín,1991-12-14
Pía Guardiola Guzmán,luisaplana@baro-barrio.org,Colombia,Bucaramanga,1964-06-28
Rafaela Perelló Andreu,candido76@folch.org,Colombia,Barranquilla,2005-09-22
Daniel Cosme Cáceres Roura,amadoreva@barcena.com,Colombia,Bucaramanga,1987-04-19
Magdalena Bello-Niño,nfalcon@saez.es,Colombia,Cali,1964-02-07
Inmaculada Peñalver Belda,micaelavillar@cabrero-carranza.es,Colombia,Barranquilla,2000-06-18
Eusebia de Goicoechea,rosario51@gmail.com,Colombia,Bucaramanga,1995-11-25
Dalila Villaverde-Vall,ibarbera@hotmail.com,Colombia,Medellín,1991-08-01
Nacho Andrés-Antúnez,mjulian@yahoo.com,Colombia,Bucaramanga,1973-06-06
Salomé del Barrios,zbeltran@aranda.es,Colombia,Bogotá,1992-02-10
Elpidio Arnaiz Calvet,overa@ordonez.org,Colombia,Bucaramanga,1963-04-19
Roldán Ferrández Pinilla,yazorin@casares-ropero.es,Colombia,Medellín,1989-05-02
Vidal Pedro Ortiz,ulises03@briones.com,Colombia,Medellín,1996-01-08
Amalia Alcolea-Iborra,barberaedmundo@escribano-lumbreras.com,Colombia,Medellín,2000-07-11
Esteban de Puga,benitezcarmelo@yahoo.com,Colombia,Bogotá,2007-07-11
Viviana Giménez Salcedo,melisa84@hotmail.com,Colombia,Bogotá,1977-09-26
Octavia Vara Calvet,valentina69@losa-bermudez.net,Colombia,Barranquilla,1975-03-22
Raimundo Leonel Galvez Casado,andres-felipegutierrez@hotmail.com,Colombia,Barranquilla,1990-05-30
Agustín Valenzuela Aragón,dionisia64@gmail.com,Colombia,Cali,2001-01-09
Leocadia Alfonso Piñeiro,oarregui@gmail.com,Colombia,Medellín,2004-06-09
Luisina Badía Mayol,amancio95@gascon-amoros.es,Colombia,Bogotá,1963-06-02
Leonel Pons Madrigal,qvillena@gmail.com,Colombia,Barranquilla,1975-09-29
Wilfredo Alcántara Lozano,iborramaria-manuela@hotmail.com,Colombia,Bucaramanga,1998-05-24
Alma Lledó Pardo,micaela90@gmail.com,Colombia,Barranquilla,2004-06-30
Socorro Lamas Escamilla,calemany@gmail.com,Colombia,Barranquilla,1983-12-11
Merche Gibert Real,lloretteofila@miralles.com,Colombia,Bogotá,1978-04-28
Toño Uría-Castejón,eugenioayala@carbo.com,Colombia,Bogotá,1994-01-05
Marina Molins Arnaiz,jovejose-angel@osuna.com,Colombia,Medellín,1966-12-17
José Luis Salcedo Carbajo,herminiomoreno@pera.es,Colombia,Bucaramanga,1961-03-18
María Dolores Palomino Naranjo,adoracion49@gmail.com,Colombia,Bucaramanga,1962-07-26
Carlito Xavier Amigó Camino,ariadna89@nunez.com,Colombia,Cali,2003-09-17
Antonio Gomez Vara,alamonazaret@gmail.com,Colombia,Medellín,1995-03-22
Isabela Molins,piedadmarcos@gmail.com,Colombia,Bogotá,1984-02-29
Javier del Carlos,xredondo@ortiz.com,Colombia,Barranquilla,1992-06-23
Crescencia Jacinta Riquelme Gras,maxiramon@cervera.es,Colombia,Bogotá,1965-01-28
Ignacia Vazquez Colomer,trinidadescolano@yahoo.com,Colombia,Bucaramanga,1967-10-02
Dorotea Soriano Cabrero,rosadoamado@diaz.es,Colombia,Barranquilla,1968-03-15
Obdulia Hernández Marcos,teofila59@campos.es,Colombia,Bucaramanga,2002-06-17
Perla Ruano Mancebo,macarenaespanol@hotmail.com,Colombia,Bogotá,1960-01-23
Martina Pelayo-Santana,valentin28@hotmail.com,Colombia,Cali,1966-02-15
Eustaquio del Nogueira,umachado@montalban-escalona.com,Colombia,Medellín,1973-11-13
Lorenza Lobo Miralles,lucas21@llanos-torrecilla.es,Colombia,Bogotá,1979-03-01
Marcio Camino-Guardiola,clementegabaldon@hotmail.com,Colombia,Bogotá,2000-04-02
Victor Manuel Ferrero Agudo,peiroherminio@yahoo.com,Colombia,Cali,1989-10-20
Begoña Santiago,carreterovictor@yahoo.com,Colombia,Bucaramanga,1965-06-11
Emilio Carnero Otero,luciabenavente@crespi-vendrell.es,Colombia,Bogotá,2002-06-12
Nerea Benavent,rossellocornelio@hotmail.com,Colombia,Cali,1997-07-07
Maximiliano Aguiló Hoyos,rgimeno@lara.com,Colombia,Medellín,1993-05-02
Blas Conrado Borrego Villalonga,rovirabonifacio@gallardo-enriquez.com,Colombia,Barranquilla,1977-06-07
Fortunata Melania Guitart Oller,saturninamarin@gmail.com,Colombia,Bogotá,1992-07-16
Rosalinda Poza Palau,clemente31@yahoo.com,Colombia,Barranquilla,1981-09-03
Natanael del Carmona,qmontana@olivera.es,Colombia,Cali,1992-06-13
María Carmen Requena Guitart,julio83@barrera-moraleda.org,Colombia,Medellín,1986-03-01
Imelda Pujadas Juliá,amalia35@arroyo.es,Colombia,Bogotá,1970-11-12
Clarisa de Murcia,almazannidia@bosch-minguez.es,Colombia,Medellín,1962-11-18
Clementina Paredes,pilipriego@grande.es,Colombia,Bucaramanga,1974-03-16
Paula de Alcalde,zuritacristian@puga.com,Colombia,Barranquilla,1961-03-07
Maximiano de Aragón,pinagabriela@yahoo.com,Colombia,Bucaramanga,1977-11-26
Antonio Benavent Vargas,alcoleamanuelita@hotmail.com,Colombia,Bucaramanga,1999-07-23
Charo Miguel Morales,matasleocadio@yahoo.com,Colombia,Bucaramanga,1977-07-07
Jovita Peñas-Manuel,gironsantos@hotmail.com,Colombia,Bogotá,1978-11-20
Lilia de Piñeiro,xprada@campoy.com,Colombia,Bogotá,1975-04-30
Flora Tapia Canales,ernesto11@hotmail.com,Colombia,Bucaramanga,1992-11-11
Diana Blanes-Cid,uzabala@hotmail.com,Colombia,Cali,1993-02-08
Hernán Merino-Nebot,montoyajennifer@ramos.net,Colombia,Bucaramanga,1993-07-17
Modesta Gutiérrez Montserrat,jvilar@hotmail.com,Colombia,Bogotá,1988-07-01
Godofredo Castejón Alcalde,delgadohector@carballo-arias.es,Colombia,Cali,2002-02-21
Lara Chaves,sagullo@gmail.com,Colombia,Cali,2005-07-31
Juan Carlos Mora-Peral,luis-angelzabala@fuente.org,Colombia,Cali,1973-11-11
Ángeles Cerdá Córdoba,mollsigfrido@gmail.com,Colombia,Cali,1964-02-04
Fabricio Expósito Flores,gmuro@solis.com,Colombia,Barranquilla,2002-11-01
Verónica de Ochoa,leonardoluis@maza-pedrero.es,Colombia,Medellín,1996-05-07
Antonio Corominas,linoescalona@calatayud-castaneda.es,Colombia,Cali,1999-10-30
Eliana Roxana Sáenz Gallart,guardiolainocencio@collado.com,Colombia,Bucaramanga,1981-07-14
Victorino Azorin Cerro,usuarez@yahoo.com,Colombia,Bucaramanga,1997-08-25
Florinda Pol Sánchez,pili85@hotmail.com,Colombia,Barranquilla,1974-02-01
Maximiliano Lobato Clavero,strillo@yahoo.com,Colombia,Barranquilla,1989-02-28
Carmina Amaya Pavón,luisa63@hotmail.com,Colombia,Bucaramanga,1984-12-29
Raúl Alarcón Ferrández,begona30@hotmail.com,Colombia,Bucaramanga,1965-12-08
Zoraida Izaguirre Valverde,anastasio47@arranz-isern.org,Colombia,Medellín,1961-08-08
María Fernanda Santos Trujillo,ccalleja@andres-coronado.com,Colombia,Bogotá,1988-01-31
Amaro Salcedo Barrios,lobatoreyna@gmail.com,Colombia,Bucaramanga,2005-04-05
Viviana Dominguez Pazos,qrico@barriga.com,Colombia,Bogotá,1971-04-11
Amada Llorens Fiol,fabiolaacero@yahoo.com,Colombia,Cali,1983-05-25
Francisco Solano Boix,carnerozaida@gmail.com,Colombia,Bogotá,1965-05-30
Federico Almagro Dominguez,feliciaperera@bertran-huerta.org,Colombia,Medellín,1968-07-25
Amando Goyo Madrid Enríquez,claramoles@yahoo.com,Colombia,Bogotá,1978-02-04
Chus Marquez,flamas@yahoo.com,Colombia,Bucaramanga,1984-04-10
Reina Zabala Sancho,polfabricio@galvez.org,Colombia,Cali,2007-02-21
Mamen Leiva,juangibert@julian-angulo.com,Colombia,Barranquilla,1969-01-17
Maristela Moraleda Perales,morajudith@gmail.com,Colombia,Barranquilla,1970-05-02
Juanita Nadal Navarro,xiomarapalma@canovas-solera.com,Colombia,Medellín,2001-06-28
Martina Royo Pujol,jose-antonioperea@hotmail.com,Colombia,Bogotá,2005-09-15
Emperatriz Arjona Guillén,xrojas@perez-andrade.com,Colombia,Bucaramanga,2000-02-23
Chita Chaparro,modesta01@cid-oliva.es,Colombia,Barranquilla,1990-11-15
Narciso Coloma Fonseca,marino12@frutos.com,Colombia,Bucaramanga,2006-02-15
Sonia del Adadia,omarcabo@yahoo.com,Colombia,Barranquilla,1973-12-28
Nayara Peñalver Silva,ponceeduardo@canellas-pulido.es,Colombia,Bogotá,1988-06-04
Georgina Luna Bellido Oliver,gironasonia@hotmail.com,Colombia,Medellín,1975-07-14
Fidela Nieto Vallejo,pberenguer@cervera.net,Colombia,Bucaramanga,1980-01-29
Araceli Nicolás Plana,scontreras@pombo-terron.com,Colombia,Medellín,1971-09-30
Heliodoro Villar Camino,olivaresitziar@hotmail.com,Colombia,Barranquilla,1987-01-21
Cecilio Montaña Castells,falberdi@hotmail.com,Colombia,Barranquilla,1963-03-29
Ibán Efraín Carmona Sanjuan,inaranjo@yahoo.com,Colombia,Barranquilla,1971-09-14
Luisina Pla Bernal,navaslaura@jorda.es,Colombia,Medellín,1991-02-27
Alex Benjamín Tovar Seguí,peirojose-antonio@yahoo.com,Colombia,Bogotá,1979-09-07
Kike Lastra Escamilla,silvestre07@yahoo.com,Colombia,Cali,1961-12-15
Aurelia Felipa Arce Prieto,cesarbusquets@coca.es,Colombia,Bucaramanga,1983-01-13
Noemí Hervás Zabaleta,benitonacho@yahoo.com,Colombia,Bucaramanga,2000-12-30
Graciano Vila Bermúdez,telmo60@gmail.com,Colombia,Bucaramanga,2003-12-17
Silvio Rosselló Carnero,marcio98@hervas.es,Colombia,Bogotá,1989-04-07
Raúl Estevez-Lloret,rescudero@llamas-adadia.es,Colombia,Bucaramanga,1987-09-23
Emigdio Lasa Sevillano,giraltjafet@gmail.com,Colombia,Bucaramanga,1963-11-13
Elvira Pascuala Serna Rivero,jtamarit@gmail.com,Colombia,Medellín,1981-04-13
Sandra Sales Cordero,igalvez@hotmail.com,Colombia,Bucaramanga,1986-01-28
Heriberto Antúnez-Bermudez,celso38@yahoo.com,Colombia,Cali,1980-12-27
Nereida Solsona Andreu,etelvinaortiz@rosado.org,Colombia,Bogotá,1985-01-25
Benigna del Casal,ngil@mancebo.com,Colombia,Medellín,1987-05-01
Pili Gelabert Ripoll,maria-luisa51@hotmail.com,Colombia,Cali,1995-12-25
Genoveva de Quintero,cmacias@gmail.com,Colombia,Medellín,1979-02-27
Juan Pablo Múñiz Simó,placustodia@ripoll.net,Colombia,Bucaramanga,1974-10-15
Marcos Vaquero Bernat,morcilloemilia@gmail.com,Colombia,Bogotá,2002-02-04
Noa Bou Pellicer,mvidal@seco.net,Colombia,Barranquilla,1973-02-15
Benigna Marcos Barón,crescenciaserra@hierro-salcedo.net,Colombia,Cali,1993-07-27
Samu Muñoz Cuervo,abecerra@antunez.es,Colombia,Barranquilla,1987-11-30
Vasco Carrillo-Alvarez,sbarreda@yahoo.com,Colombia,Barranquilla,1986-09-17
Mayte Sacristán,callejaesteban@yahoo.com,Colombia,Barranquilla,1971-01-11
Haydée Nicolás Cifuentes,qgallo@murcia.com,Colombia,Bogotá,1992-12-25
Reyes del Noriega,ymuro@yahoo.com,Colombia,Bucaramanga,1978-04-07